--
-- PostgreSQL database dump
--

-- Dumped from database version 13.14
-- Dumped by pg_dump version 13.14

SET statement_timeout = 0;
SET lock_timeout = 0;
SET idle_in_transaction_session_timeout = 0;
SET client_encoding = 'UTF8';
SET standard_conforming_strings = on;
SELECT pg_catalog.set_config('search_path', '', false);
SET check_function_bodies = false;
SET xmloption = content;
SET client_min_messages = warning;
SET row_security = off;

SET default_tablespace = '';

SET default_table_access_method = heap;

--
-- Name: auth_group; Type: TABLE; Schema: public; Owner: moon
--

CREATE TABLE public.auth_group (
    id integer NOT NULL,
    name character varying(150) NOT NULL
);


ALTER TABLE public.auth_group OWNER TO moon;

--
-- Name: auth_group_id_seq; Type: SEQUENCE; Schema: public; Owner: moon
--

ALTER TABLE public.auth_group ALTER COLUMN id ADD GENERATED BY DEFAULT AS IDENTITY (
    SEQUENCE NAME public.auth_group_id_seq
    START WITH 1
    INCREMENT BY 1
    NO MINVALUE
    NO MAXVALUE
    CACHE 1
);


--
-- Name: auth_group_permissions; Type: TABLE; Schema: public; Owner: moon
--

CREATE TABLE public.auth_group_permissions (
    id bigint NOT NULL,
    group_id integer NOT NULL,
    permission_id integer NOT NULL
);


ALTER TABLE public.auth_group_permissions OWNER TO moon;

--
-- Name: auth_group_permissions_id_seq; Type: SEQUENCE; Schema: public; Owner: moon
--

ALTER TABLE public.auth_group_permissions ALTER COLUMN id ADD GENERATED BY DEFAULT AS IDENTITY (
    SEQUENCE NAME public.auth_group_permissions_id_seq
    START WITH 1
    INCREMENT BY 1
    NO MINVALUE
    NO MAXVALUE
    CACHE 1
);


--
-- Name: auth_permission; Type: TABLE; Schema: public; Owner: moon
--

CREATE TABLE public.auth_permission (
    id integer NOT NULL,
    name character varying(255) NOT NULL,
    content_type_id integer NOT NULL,
    codename character varying(100) NOT NULL
);


ALTER TABLE public.auth_permission OWNER TO moon;

--
-- Name: auth_permission_id_seq; Type: SEQUENCE; Schema: public; Owner: moon
--

ALTER TABLE public.auth_permission ALTER COLUMN id ADD GENERATED BY DEFAULT AS IDENTITY (
    SEQUENCE NAME public.auth_permission_id_seq
    START WITH 1
    INCREMENT BY 1
    NO MINVALUE
    NO MAXVALUE
    CACHE 1
);


--
-- Name: auth_user; Type: TABLE; Schema: public; Owner: moon
--

CREATE TABLE public.auth_user (
    id integer NOT NULL,
    password character varying(128) NOT NULL,
    last_login timestamp with time zone,
    is_superuser boolean NOT NULL,
    username character varying(150) NOT NULL,
    first_name character varying(150) NOT NULL,
    last_name character varying(150) NOT NULL,
    email character varying(254) NOT NULL,
    is_staff boolean NOT NULL,
    is_active boolean NOT NULL,
    date_joined timestamp with time zone NOT NULL
);


ALTER TABLE public.auth_user OWNER TO moon;

--
-- Name: auth_user_groups; Type: TABLE; Schema: public; Owner: moon
--

CREATE TABLE public.auth_user_groups (
    id bigint NOT NULL,
    user_id integer NOT NULL,
    group_id integer NOT NULL
);


ALTER TABLE public.auth_user_groups OWNER TO moon;

--
-- Name: auth_user_groups_id_seq; Type: SEQUENCE; Schema: public; Owner: moon
--

ALTER TABLE public.auth_user_groups ALTER COLUMN id ADD GENERATED BY DEFAULT AS IDENTITY (
    SEQUENCE NAME public.auth_user_groups_id_seq
    START WITH 1
    INCREMENT BY 1
    NO MINVALUE
    NO MAXVALUE
    CACHE 1
);


--
-- Name: auth_user_id_seq; Type: SEQUENCE; Schema: public; Owner: moon
--

ALTER TABLE public.auth_user ALTER COLUMN id ADD GENERATED BY DEFAULT AS IDENTITY (
    SEQUENCE NAME public.auth_user_id_seq
    START WITH 1
    INCREMENT BY 1
    NO MINVALUE
    NO MAXVALUE
    CACHE 1
);


--
-- Name: auth_user_user_permissions; Type: TABLE; Schema: public; Owner: moon
--

CREATE TABLE public.auth_user_user_permissions (
    id bigint NOT NULL,
    user_id integer NOT NULL,
    permission_id integer NOT NULL
);


ALTER TABLE public.auth_user_user_permissions OWNER TO moon;

--
-- Name: auth_user_user_permissions_id_seq; Type: SEQUENCE; Schema: public; Owner: moon
--

ALTER TABLE public.auth_user_user_permissions ALTER COLUMN id ADD GENERATED BY DEFAULT AS IDENTITY (
    SEQUENCE NAME public.auth_user_user_permissions_id_seq
    START WITH 1
    INCREMENT BY 1
    NO MINVALUE
    NO MAXVALUE
    CACHE 1
);


--
-- Name: django_admin_log; Type: TABLE; Schema: public; Owner: moon
--

CREATE TABLE public.django_admin_log (
    id integer NOT NULL,
    action_time timestamp with time zone NOT NULL,
    object_id text,
    object_repr character varying(200) NOT NULL,
    action_flag smallint NOT NULL,
    change_message text NOT NULL,
    content_type_id integer,
    user_id integer NOT NULL,
    CONSTRAINT django_admin_log_action_flag_check CHECK ((action_flag >= 0))
);


ALTER TABLE public.django_admin_log OWNER TO moon;

--
-- Name: django_admin_log_id_seq; Type: SEQUENCE; Schema: public; Owner: moon
--

ALTER TABLE public.django_admin_log ALTER COLUMN id ADD GENERATED BY DEFAULT AS IDENTITY (
    SEQUENCE NAME public.django_admin_log_id_seq
    START WITH 1
    INCREMENT BY 1
    NO MINVALUE
    NO MAXVALUE
    CACHE 1
);


--
-- Name: django_content_type; Type: TABLE; Schema: public; Owner: moon
--

CREATE TABLE public.django_content_type (
    id integer NOT NULL,
    app_label character varying(100) NOT NULL,
    model character varying(100) NOT NULL
);


ALTER TABLE public.django_content_type OWNER TO moon;

--
-- Name: django_content_type_id_seq; Type: SEQUENCE; Schema: public; Owner: moon
--

ALTER TABLE public.django_content_type ALTER COLUMN id ADD GENERATED BY DEFAULT AS IDENTITY (
    SEQUENCE NAME public.django_content_type_id_seq
    START WITH 1
    INCREMENT BY 1
    NO MINVALUE
    NO MAXVALUE
    CACHE 1
);


--
-- Name: django_migrations; Type: TABLE; Schema: public; Owner: moon
--

CREATE TABLE public.django_migrations (
    id bigint NOT NULL,
    app character varying(255) NOT NULL,
    name character varying(255) NOT NULL,
    applied timestamp with time zone NOT NULL
);


ALTER TABLE public.django_migrations OWNER TO moon;

--
-- Name: django_migrations_id_seq; Type: SEQUENCE; Schema: public; Owner: moon
--

ALTER TABLE public.django_migrations ALTER COLUMN id ADD GENERATED BY DEFAULT AS IDENTITY (
    SEQUENCE NAME public.django_migrations_id_seq
    START WITH 1
    INCREMENT BY 1
    NO MINVALUE
    NO MAXVALUE
    CACHE 1
);


--
-- Name: django_session; Type: TABLE; Schema: public; Owner: moon
--

CREATE TABLE public.django_session (
    session_key character varying(40) NOT NULL,
    session_data text NOT NULL,
    expire_date timestamp with time zone NOT NULL
);


ALTER TABLE public.django_session OWNER TO moon;

--
-- Name: linux_pdf1; Type: TABLE; Schema: public; Owner: moon
--

CREATE TABLE public.linux_pdf1 (
    id bigint NOT NULL,
    col1 integer NOT NULL,
    col2 integer NOT NULL
);


ALTER TABLE public.linux_pdf1 OWNER TO moon;

--
-- Name: linux_pdf2; Type: TABLE; Schema: public; Owner: moon
--

CREATE TABLE public.linux_pdf2 (
    id bigint NOT NULL,
    col1 integer NOT NULL,
    col3 integer NOT NULL
);


ALTER TABLE public.linux_pdf2 OWNER TO moon;

--
-- Name: linux_pdf3; Type: TABLE; Schema: public; Owner: moon
--

CREATE TABLE public.linux_pdf3 (
    id bigint NOT NULL,
    col1 integer NOT NULL,
    col4 integer NOT NULL
);


ALTER TABLE public.linux_pdf3 OWNER TO moon;

--
-- Name: linux_pdf4; Type: TABLE; Schema: public; Owner: moon
--

CREATE TABLE public.linux_pdf4 (
    id bigint NOT NULL,
    col1 integer NOT NULL,
    col5 integer NOT NULL
);


ALTER TABLE public.linux_pdf4 OWNER TO moon;

--
-- Name: linux_table12_id_seq; Type: SEQUENCE; Schema: public; Owner: moon
--

ALTER TABLE public.linux_pdf3 ALTER COLUMN id ADD GENERATED BY DEFAULT AS IDENTITY (
    SEQUENCE NAME public.linux_table12_id_seq
    START WITH 1
    INCREMENT BY 1
    NO MINVALUE
    NO MAXVALUE
    CACHE 1
);


--
-- Name: linux_table13_id_seq; Type: SEQUENCE; Schema: public; Owner: moon
--

ALTER TABLE public.linux_pdf1 ALTER COLUMN id ADD GENERATED BY DEFAULT AS IDENTITY (
    SEQUENCE NAME public.linux_table13_id_seq
    START WITH 1
    INCREMENT BY 1
    NO MINVALUE
    NO MAXVALUE
    CACHE 1
);


--
-- Name: linux_table14_id_seq; Type: SEQUENCE; Schema: public; Owner: moon
--

ALTER TABLE public.linux_pdf4 ALTER COLUMN id ADD GENERATED BY DEFAULT AS IDENTITY (
    SEQUENCE NAME public.linux_table14_id_seq
    START WITH 1
    INCREMENT BY 1
    NO MINVALUE
    NO MAXVALUE
    CACHE 1
);


--
-- Name: linux_table15_id_seq; Type: SEQUENCE; Schema: public; Owner: moon
--

ALTER TABLE public.linux_pdf2 ALTER COLUMN id ADD GENERATED BY DEFAULT AS IDENTITY (
    SEQUENCE NAME public.linux_table15_id_seq
    START WITH 1
    INCREMENT BY 1
    NO MINVALUE
    NO MAXVALUE
    CACHE 1
);


--
-- Name: nca_nca; Type: TABLE; Schema: public; Owner: moon
--

CREATE TABLE public.nca_nca (
    id bigint NOT NULL,
    question_text character varying(1000) NOT NULL,
    choice_a character varying(500) NOT NULL,
    choice_b character varying(500) NOT NULL,
    choice_c character varying(500) NOT NULL,
    choice_d character varying(500) NOT NULL,
    correct_answer character varying(100) NOT NULL
);


ALTER TABLE public.nca_nca OWNER TO moon;

--
-- Name: nca_nca_id_seq; Type: SEQUENCE; Schema: public; Owner: moon
--

ALTER TABLE public.nca_nca ALTER COLUMN id ADD GENERATED BY DEFAULT AS IDENTITY (
    SEQUENCE NAME public.nca_nca_id_seq
    START WITH 1
    INCREMENT BY 1
    NO MINVALUE
    NO MAXVALUE
    CACHE 1
);


--
-- Data for Name: auth_group; Type: TABLE DATA; Schema: public; Owner: moon
--

COPY public.auth_group (id, name) FROM stdin;
\.


--
-- Data for Name: auth_group_permissions; Type: TABLE DATA; Schema: public; Owner: moon
--

COPY public.auth_group_permissions (id, group_id, permission_id) FROM stdin;
\.


--
-- Data for Name: auth_permission; Type: TABLE DATA; Schema: public; Owner: moon
--

COPY public.auth_permission (id, name, content_type_id, codename) FROM stdin;
1	Can add log entry	1	add_logentry
2	Can change log entry	1	change_logentry
3	Can delete log entry	1	delete_logentry
4	Can view log entry	1	view_logentry
5	Can add permission	2	add_permission
6	Can change permission	2	change_permission
7	Can delete permission	2	delete_permission
8	Can view permission	2	view_permission
9	Can add group	3	add_group
10	Can change group	3	change_group
11	Can delete group	3	delete_group
12	Can view group	3	view_group
13	Can add user	4	add_user
14	Can change user	4	change_user
15	Can delete user	4	delete_user
16	Can view user	4	view_user
17	Can add content type	5	add_contenttype
18	Can change content type	5	change_contenttype
19	Can delete content type	5	delete_contenttype
20	Can view content type	5	view_contenttype
21	Can add session	6	add_session
22	Can change session	6	change_session
23	Can delete session	6	delete_session
24	Can view session	6	view_session
25	Can add table12	7	add_table12
26	Can change table12	7	change_table12
27	Can delete table12	7	delete_table12
28	Can view table12	7	view_table12
29	Can add table13	8	add_table13
30	Can change table13	8	change_table13
31	Can delete table13	8	delete_table13
32	Can view table13	8	view_table13
33	Can add table14	9	add_table14
34	Can change table14	9	change_table14
35	Can delete table14	9	delete_table14
36	Can view table14	9	view_table14
37	Can add table15	10	add_table15
38	Can change table15	10	change_table15
39	Can delete table15	10	delete_table15
40	Can view table15	10	view_table15
41	Can add pd f1	8	add_pdf1
42	Can change pd f1	8	change_pdf1
43	Can delete pd f1	8	delete_pdf1
44	Can view pd f1	8	view_pdf1
45	Can add pd f2	10	add_pdf2
46	Can change pd f2	10	change_pdf2
47	Can delete pd f2	10	delete_pdf2
48	Can view pd f2	10	view_pdf2
49	Can add pd f3	7	add_pdf3
50	Can change pd f3	7	change_pdf3
51	Can delete pd f3	7	delete_pdf3
52	Can view pd f3	7	view_pdf3
53	Can add pd f4	9	add_pdf4
54	Can change pd f4	9	change_pdf4
55	Can delete pd f4	9	delete_pdf4
56	Can view pd f4	9	view_pdf4
57	Can add nca	11	add_nca
58	Can change nca	11	change_nca
59	Can delete nca	11	delete_nca
60	Can view nca	11	view_nca
\.


--
-- Data for Name: auth_user; Type: TABLE DATA; Schema: public; Owner: moon
--

COPY public.auth_user (id, password, last_login, is_superuser, username, first_name, last_name, email, is_staff, is_active, date_joined) FROM stdin;
1	pbkdf2_sha256$600000$ftfkisl96hhIgJKBVsnUkr$r1McQv3jqe2SsEBdwCR4xNDCtsWOp0ajtydXSnbONAg=	2024-07-02 20:55:00.203668+09	t	moon				t	t	2024-07-01 10:43:55.687851+09
\.


--
-- Data for Name: auth_user_groups; Type: TABLE DATA; Schema: public; Owner: moon
--

COPY public.auth_user_groups (id, user_id, group_id) FROM stdin;
\.


--
-- Data for Name: auth_user_user_permissions; Type: TABLE DATA; Schema: public; Owner: moon
--

COPY public.auth_user_user_permissions (id, user_id, permission_id) FROM stdin;
\.


--
-- Data for Name: django_admin_log; Type: TABLE DATA; Schema: public; Owner: moon
--

COPY public.django_admin_log (id, action_time, object_id, object_repr, action_flag, change_message, content_type_id, user_id) FROM stdin;
1	2024-07-02 09:53:51.493059+09	100	PDF1 object (100)	3		8	1
2	2024-07-02 09:53:51.500356+09	99	PDF1 object (99)	3		8	1
3	2024-07-02 09:53:51.501599+09	98	PDF1 object (98)	3		8	1
4	2024-07-02 09:53:51.502561+09	97	PDF1 object (97)	3		8	1
5	2024-07-02 09:53:51.503327+09	96	PDF1 object (96)	3		8	1
6	2024-07-02 09:53:51.504341+09	95	PDF1 object (95)	3		8	1
7	2024-07-02 09:53:51.50635+09	94	PDF1 object (94)	3		8	1
8	2024-07-02 09:53:51.507417+09	93	PDF1 object (93)	3		8	1
9	2024-07-02 09:53:51.508801+09	92	PDF1 object (92)	3		8	1
10	2024-07-02 09:53:51.509644+09	91	PDF1 object (91)	3		8	1
11	2024-07-02 09:53:51.510433+09	90	PDF1 object (90)	3		8	1
12	2024-07-02 09:53:51.511152+09	89	PDF1 object (89)	3		8	1
13	2024-07-02 09:53:51.51206+09	88	PDF1 object (88)	3		8	1
14	2024-07-02 09:53:51.512799+09	87	PDF1 object (87)	3		8	1
15	2024-07-02 09:53:51.513732+09	86	PDF1 object (86)	3		8	1
16	2024-07-02 09:53:51.514524+09	85	PDF1 object (85)	3		8	1
17	2024-07-02 09:53:51.515369+09	84	PDF1 object (84)	3		8	1
18	2024-07-02 09:53:51.516722+09	83	PDF1 object (83)	3		8	1
19	2024-07-02 09:53:51.517666+09	82	PDF1 object (82)	3		8	1
20	2024-07-02 09:53:51.518606+09	81	PDF1 object (81)	3		8	1
21	2024-07-02 09:53:51.519692+09	80	PDF1 object (80)	3		8	1
22	2024-07-02 09:53:51.520647+09	79	PDF1 object (79)	3		8	1
23	2024-07-02 09:53:51.521558+09	78	PDF1 object (78)	3		8	1
24	2024-07-02 09:53:51.522583+09	77	PDF1 object (77)	3		8	1
25	2024-07-02 09:53:51.523547+09	76	PDF1 object (76)	3		8	1
26	2024-07-02 09:53:51.52451+09	75	PDF1 object (75)	3		8	1
27	2024-07-02 09:53:51.525276+09	74	PDF1 object (74)	3		8	1
28	2024-07-02 09:53:51.526054+09	73	PDF1 object (73)	3		8	1
29	2024-07-02 09:53:51.52681+09	72	PDF1 object (72)	3		8	1
30	2024-07-02 09:53:51.527756+09	71	PDF1 object (71)	3		8	1
31	2024-07-02 09:53:51.52859+09	70	PDF1 object (70)	3		8	1
32	2024-07-02 09:53:51.529379+09	69	PDF1 object (69)	3		8	1
33	2024-07-02 09:53:51.530451+09	68	PDF1 object (68)	3		8	1
34	2024-07-02 09:53:51.531426+09	67	PDF1 object (67)	3		8	1
35	2024-07-02 09:53:51.532358+09	66	PDF1 object (66)	3		8	1
36	2024-07-02 09:53:51.533316+09	65	PDF1 object (65)	3		8	1
37	2024-07-02 09:53:51.534091+09	64	PDF1 object (64)	3		8	1
38	2024-07-02 09:53:51.534916+09	63	PDF1 object (63)	3		8	1
39	2024-07-02 09:53:51.535748+09	62	PDF1 object (62)	3		8	1
40	2024-07-02 09:53:51.53659+09	61	PDF1 object (61)	3		8	1
41	2024-07-02 09:53:51.537332+09	60	PDF1 object (60)	3		8	1
42	2024-07-02 09:53:51.538151+09	59	PDF1 object (59)	3		8	1
43	2024-07-02 09:53:51.539137+09	58	PDF1 object (58)	3		8	1
44	2024-07-02 09:53:51.539945+09	57	PDF1 object (57)	3		8	1
45	2024-07-02 09:53:51.540926+09	56	PDF1 object (56)	3		8	1
46	2024-07-02 09:53:51.541888+09	55	PDF1 object (55)	3		8	1
47	2024-07-02 09:53:51.542953+09	54	PDF1 object (54)	3		8	1
48	2024-07-02 09:53:51.543838+09	53	PDF1 object (53)	3		8	1
49	2024-07-02 09:53:51.544738+09	52	PDF1 object (52)	3		8	1
50	2024-07-02 09:53:51.545612+09	51	PDF1 object (51)	3		8	1
51	2024-07-02 09:53:51.546713+09	50	PDF1 object (50)	3		8	1
52	2024-07-02 09:53:51.547586+09	49	PDF1 object (49)	3		8	1
53	2024-07-02 09:53:51.548259+09	48	PDF1 object (48)	3		8	1
54	2024-07-02 09:53:51.548997+09	47	PDF1 object (47)	3		8	1
55	2024-07-02 09:53:51.549824+09	46	PDF1 object (46)	3		8	1
56	2024-07-02 09:53:51.550706+09	45	PDF1 object (45)	3		8	1
57	2024-07-02 09:53:51.551661+09	44	PDF1 object (44)	3		8	1
58	2024-07-02 09:53:51.552459+09	43	PDF1 object (43)	3		8	1
59	2024-07-02 09:53:51.553295+09	42	PDF1 object (42)	3		8	1
60	2024-07-02 09:53:51.554447+09	41	PDF1 object (41)	3		8	1
61	2024-07-02 09:53:51.555354+09	40	PDF1 object (40)	3		8	1
62	2024-07-02 09:53:51.556212+09	39	PDF1 object (39)	3		8	1
63	2024-07-02 09:53:51.556977+09	38	PDF1 object (38)	3		8	1
64	2024-07-02 09:53:51.557912+09	37	PDF1 object (37)	3		8	1
65	2024-07-02 09:53:51.558903+09	36	PDF1 object (36)	3		8	1
66	2024-07-02 09:53:51.559721+09	35	PDF1 object (35)	3		8	1
67	2024-07-02 09:53:51.560534+09	34	PDF1 object (34)	3		8	1
68	2024-07-02 09:53:51.561697+09	33	PDF1 object (33)	3		8	1
69	2024-07-02 09:53:51.562597+09	32	PDF1 object (32)	3		8	1
70	2024-07-02 09:53:51.56377+09	31	PDF1 object (31)	3		8	1
71	2024-07-02 09:53:51.564862+09	30	PDF1 object (30)	3		8	1
72	2024-07-02 09:53:51.56588+09	29	PDF1 object (29)	3		8	1
73	2024-07-02 09:53:51.566726+09	28	PDF1 object (28)	3		8	1
74	2024-07-02 09:53:51.567654+09	27	PDF1 object (27)	3		8	1
75	2024-07-02 09:53:51.568572+09	26	PDF1 object (26)	3		8	1
76	2024-07-02 09:53:51.569493+09	25	PDF1 object (25)	3		8	1
77	2024-07-02 09:53:51.570364+09	24	PDF1 object (24)	3		8	1
78	2024-07-02 09:53:51.571304+09	23	PDF1 object (23)	3		8	1
79	2024-07-02 09:53:51.572107+09	22	PDF1 object (22)	3		8	1
80	2024-07-02 09:53:51.573017+09	21	PDF1 object (21)	3		8	1
81	2024-07-02 09:53:51.573818+09	20	PDF1 object (20)	3		8	1
82	2024-07-02 09:53:51.574692+09	19	PDF1 object (19)	3		8	1
83	2024-07-02 09:53:51.575554+09	18	PDF1 object (18)	3		8	1
84	2024-07-02 09:53:51.576607+09	17	PDF1 object (17)	3		8	1
85	2024-07-02 09:53:51.577423+09	16	PDF1 object (16)	3		8	1
86	2024-07-02 09:53:51.578393+09	15	PDF1 object (15)	3		8	1
87	2024-07-02 09:53:51.579169+09	14	PDF1 object (14)	3		8	1
88	2024-07-02 09:53:51.580228+09	13	PDF1 object (13)	3		8	1
89	2024-07-02 09:53:51.58155+09	12	PDF1 object (12)	3		8	1
90	2024-07-02 09:53:51.582401+09	11	PDF1 object (11)	3		8	1
91	2024-07-02 09:53:51.583377+09	10	PDF1 object (10)	3		8	1
92	2024-07-02 09:53:51.584523+09	9	PDF1 object (9)	3		8	1
93	2024-07-02 09:53:51.585288+09	8	PDF1 object (8)	3		8	1
94	2024-07-02 09:53:51.586128+09	7	PDF1 object (7)	3		8	1
95	2024-07-02 09:53:51.586961+09	6	PDF1 object (6)	3		8	1
96	2024-07-02 09:53:51.587999+09	5	PDF1 object (5)	3		8	1
97	2024-07-02 09:53:51.589137+09	4	PDF1 object (4)	3		8	1
98	2024-07-02 09:53:51.590125+09	3	PDF1 object (3)	3		8	1
99	2024-07-02 09:53:51.590996+09	2	PDF1 object (2)	3		8	1
100	2024-07-02 09:53:51.592199+09	1	PDF1 object (1)	3		8	1
101	2024-07-02 09:53:59.96056+09	100	PDF2 object (100)	3		10	1
102	2024-07-02 09:53:59.962505+09	99	PDF2 object (99)	3		10	1
103	2024-07-02 09:53:59.963536+09	98	PDF2 object (98)	3		10	1
104	2024-07-02 09:53:59.964545+09	97	PDF2 object (97)	3		10	1
105	2024-07-02 09:53:59.965292+09	96	PDF2 object (96)	3		10	1
106	2024-07-02 09:53:59.966119+09	95	PDF2 object (95)	3		10	1
107	2024-07-02 09:53:59.96729+09	94	PDF2 object (94)	3		10	1
108	2024-07-02 09:53:59.968426+09	93	PDF2 object (93)	3		10	1
109	2024-07-02 09:53:59.969446+09	92	PDF2 object (92)	3		10	1
110	2024-07-02 09:53:59.970254+09	91	PDF2 object (91)	3		10	1
111	2024-07-02 09:53:59.971259+09	90	PDF2 object (90)	3		10	1
112	2024-07-02 09:53:59.972028+09	89	PDF2 object (89)	3		10	1
113	2024-07-02 09:53:59.972687+09	88	PDF2 object (88)	3		10	1
114	2024-07-02 09:53:59.973662+09	87	PDF2 object (87)	3		10	1
115	2024-07-02 09:53:59.974653+09	86	PDF2 object (86)	3		10	1
116	2024-07-02 09:53:59.976689+09	85	PDF2 object (85)	3		10	1
117	2024-07-02 09:53:59.977863+09	84	PDF2 object (84)	3		10	1
118	2024-07-02 09:53:59.978753+09	83	PDF2 object (83)	3		10	1
119	2024-07-02 09:53:59.979525+09	82	PDF2 object (82)	3		10	1
120	2024-07-02 09:53:59.980223+09	81	PDF2 object (81)	3		10	1
121	2024-07-02 09:53:59.980897+09	80	PDF2 object (80)	3		10	1
122	2024-07-02 09:53:59.98163+09	79	PDF2 object (79)	3		10	1
123	2024-07-02 09:53:59.982571+09	78	PDF2 object (78)	3		10	1
124	2024-07-02 09:53:59.98354+09	77	PDF2 object (77)	3		10	1
125	2024-07-02 09:53:59.984276+09	76	PDF2 object (76)	3		10	1
126	2024-07-02 09:53:59.985161+09	75	PDF2 object (75)	3		10	1
127	2024-07-02 09:53:59.985921+09	74	PDF2 object (74)	3		10	1
128	2024-07-02 09:53:59.986656+09	73	PDF2 object (73)	3		10	1
129	2024-07-02 09:53:59.987389+09	72	PDF2 object (72)	3		10	1
130	2024-07-02 09:53:59.98815+09	71	PDF2 object (71)	3		10	1
131	2024-07-02 09:53:59.989099+09	70	PDF2 object (70)	3		10	1
132	2024-07-02 09:53:59.989879+09	69	PDF2 object (69)	3		10	1
133	2024-07-02 09:53:59.990788+09	68	PDF2 object (68)	3		10	1
134	2024-07-02 09:53:59.991779+09	67	PDF2 object (67)	3		10	1
135	2024-07-02 09:53:59.992758+09	66	PDF2 object (66)	3		10	1
136	2024-07-02 09:53:59.993625+09	65	PDF2 object (65)	3		10	1
137	2024-07-02 09:53:59.994417+09	64	PDF2 object (64)	3		10	1
138	2024-07-02 09:53:59.995256+09	63	PDF2 object (63)	3		10	1
139	2024-07-02 09:53:59.996121+09	62	PDF2 object (62)	3		10	1
140	2024-07-02 09:53:59.997025+09	61	PDF2 object (61)	3		10	1
141	2024-07-02 09:53:59.99784+09	60	PDF2 object (60)	3		10	1
142	2024-07-02 09:53:59.998991+09	59	PDF2 object (59)	3		10	1
143	2024-07-02 09:53:59.99967+09	58	PDF2 object (58)	3		10	1
144	2024-07-02 09:54:00.000277+09	57	PDF2 object (57)	3		10	1
145	2024-07-02 09:54:00.001063+09	56	PDF2 object (56)	3		10	1
146	2024-07-02 09:54:00.001972+09	55	PDF2 object (55)	3		10	1
147	2024-07-02 09:54:00.002903+09	54	PDF2 object (54)	3		10	1
148	2024-07-02 09:54:00.0037+09	53	PDF2 object (53)	3		10	1
149	2024-07-02 09:54:00.004474+09	52	PDF2 object (52)	3		10	1
150	2024-07-02 09:54:00.005558+09	51	PDF2 object (51)	3		10	1
151	2024-07-02 09:54:00.006381+09	50	PDF2 object (50)	3		10	1
152	2024-07-02 09:54:00.007222+09	49	PDF2 object (49)	3		10	1
153	2024-07-02 09:54:00.007936+09	48	PDF2 object (48)	3		10	1
154	2024-07-02 09:54:00.008888+09	47	PDF2 object (47)	3		10	1
155	2024-07-02 09:54:00.009913+09	46	PDF2 object (46)	3		10	1
156	2024-07-02 09:54:00.011249+09	45	PDF2 object (45)	3		10	1
157	2024-07-02 09:54:00.012227+09	44	PDF2 object (44)	3		10	1
158	2024-07-02 09:54:00.013222+09	43	PDF2 object (43)	3		10	1
159	2024-07-02 09:54:00.013912+09	42	PDF2 object (42)	3		10	1
160	2024-07-02 09:54:00.014776+09	41	PDF2 object (41)	3		10	1
161	2024-07-02 09:54:00.015762+09	40	PDF2 object (40)	3		10	1
162	2024-07-02 09:54:00.017269+09	39	PDF2 object (39)	3		10	1
163	2024-07-02 09:54:00.018645+09	38	PDF2 object (38)	3		10	1
164	2024-07-02 09:54:00.019686+09	37	PDF2 object (37)	3		10	1
165	2024-07-02 09:54:00.020618+09	36	PDF2 object (36)	3		10	1
166	2024-07-02 09:54:00.02142+09	35	PDF2 object (35)	3		10	1
167	2024-07-02 09:54:00.02216+09	34	PDF2 object (34)	3		10	1
168	2024-07-02 09:54:00.023151+09	33	PDF2 object (33)	3		10	1
169	2024-07-02 09:54:00.024239+09	32	PDF2 object (32)	3		10	1
170	2024-07-02 09:54:00.02504+09	31	PDF2 object (31)	3		10	1
171	2024-07-02 09:54:00.025967+09	30	PDF2 object (30)	3		10	1
172	2024-07-02 09:54:00.026758+09	29	PDF2 object (29)	3		10	1
173	2024-07-02 09:54:00.027589+09	28	PDF2 object (28)	3		10	1
174	2024-07-02 09:54:00.028397+09	27	PDF2 object (27)	3		10	1
175	2024-07-02 09:54:00.029255+09	26	PDF2 object (26)	3		10	1
176	2024-07-02 09:54:00.030338+09	25	PDF2 object (25)	3		10	1
177	2024-07-02 09:54:00.031434+09	24	PDF2 object (24)	3		10	1
178	2024-07-02 09:54:00.032265+09	23	PDF2 object (23)	3		10	1
179	2024-07-02 09:54:00.033416+09	22	PDF2 object (22)	3		10	1
180	2024-07-02 09:54:00.034448+09	21	PDF2 object (21)	3		10	1
181	2024-07-02 09:54:00.035327+09	20	PDF2 object (20)	3		10	1
182	2024-07-02 09:54:00.036107+09	19	PDF2 object (19)	3		10	1
183	2024-07-02 09:54:00.036794+09	18	PDF2 object (18)	3		10	1
184	2024-07-02 09:54:00.037725+09	17	PDF2 object (17)	3		10	1
185	2024-07-02 09:54:00.038667+09	16	PDF2 object (16)	3		10	1
186	2024-07-02 09:54:00.039691+09	15	PDF2 object (15)	3		10	1
187	2024-07-02 09:54:00.040722+09	14	PDF2 object (14)	3		10	1
188	2024-07-02 09:54:00.041509+09	13	PDF2 object (13)	3		10	1
189	2024-07-02 09:54:00.0422+09	12	PDF2 object (12)	3		10	1
190	2024-07-02 09:54:00.043048+09	11	PDF2 object (11)	3		10	1
191	2024-07-02 09:54:00.043945+09	10	PDF2 object (10)	3		10	1
192	2024-07-02 09:54:00.045518+09	9	PDF2 object (9)	3		10	1
193	2024-07-02 09:54:00.046525+09	8	PDF2 object (8)	3		10	1
194	2024-07-02 09:54:00.047513+09	7	PDF2 object (7)	3		10	1
195	2024-07-02 09:54:00.048611+09	6	PDF2 object (6)	3		10	1
196	2024-07-02 09:54:00.049491+09	5	PDF2 object (5)	3		10	1
197	2024-07-02 09:54:00.050329+09	4	PDF2 object (4)	3		10	1
198	2024-07-02 09:54:00.05105+09	3	PDF2 object (3)	3		10	1
199	2024-07-02 09:54:00.051817+09	2	PDF2 object (2)	3		10	1
200	2024-07-02 09:54:00.05265+09	1	PDF2 object (1)	3		10	1
201	2024-07-02 09:54:07.169552+09	100	PDF3 object (100)	3		7	1
202	2024-07-02 09:54:07.17146+09	99	PDF3 object (99)	3		7	1
203	2024-07-02 09:54:07.172355+09	98	PDF3 object (98)	3		7	1
204	2024-07-02 09:54:07.173183+09	97	PDF3 object (97)	3		7	1
205	2024-07-02 09:54:07.174326+09	96	PDF3 object (96)	3		7	1
206	2024-07-02 09:54:07.175432+09	95	PDF3 object (95)	3		7	1
207	2024-07-02 09:54:07.176269+09	94	PDF3 object (94)	3		7	1
208	2024-07-02 09:54:07.177263+09	93	PDF3 object (93)	3		7	1
209	2024-07-02 09:54:07.178003+09	92	PDF3 object (92)	3		7	1
210	2024-07-02 09:54:07.178724+09	91	PDF3 object (91)	3		7	1
211	2024-07-02 09:54:07.179492+09	90	PDF3 object (90)	3		7	1
212	2024-07-02 09:54:07.180576+09	89	PDF3 object (89)	3		7	1
213	2024-07-02 09:54:07.182113+09	88	PDF3 object (88)	3		7	1
214	2024-07-02 09:54:07.183238+09	87	PDF3 object (87)	3		7	1
215	2024-07-02 09:54:07.184372+09	86	PDF3 object (86)	3		7	1
216	2024-07-02 09:54:07.185564+09	85	PDF3 object (85)	3		7	1
217	2024-07-02 09:54:07.186463+09	84	PDF3 object (84)	3		7	1
218	2024-07-02 09:54:07.187415+09	83	PDF3 object (83)	3		7	1
219	2024-07-02 09:54:07.188458+09	82	PDF3 object (82)	3		7	1
220	2024-07-02 09:54:07.189519+09	81	PDF3 object (81)	3		7	1
221	2024-07-02 09:54:07.190527+09	80	PDF3 object (80)	3		7	1
222	2024-07-02 09:54:07.191526+09	79	PDF3 object (79)	3		7	1
223	2024-07-02 09:54:07.192555+09	78	PDF3 object (78)	3		7	1
224	2024-07-02 09:54:07.193679+09	77	PDF3 object (77)	3		7	1
225	2024-07-02 09:54:07.195361+09	76	PDF3 object (76)	3		7	1
226	2024-07-02 09:54:07.197143+09	75	PDF3 object (75)	3		7	1
227	2024-07-02 09:54:07.198423+09	74	PDF3 object (74)	3		7	1
228	2024-07-02 09:54:07.199403+09	73	PDF3 object (73)	3		7	1
229	2024-07-02 09:54:07.200478+09	72	PDF3 object (72)	3		7	1
230	2024-07-02 09:54:07.201683+09	71	PDF3 object (71)	3		7	1
231	2024-07-02 09:54:07.202668+09	70	PDF3 object (70)	3		7	1
232	2024-07-02 09:54:07.203666+09	69	PDF3 object (69)	3		7	1
233	2024-07-02 09:54:07.204487+09	68	PDF3 object (68)	3		7	1
234	2024-07-02 09:54:07.205381+09	67	PDF3 object (67)	3		7	1
235	2024-07-02 09:54:07.206353+09	66	PDF3 object (66)	3		7	1
236	2024-07-02 09:54:07.207301+09	65	PDF3 object (65)	3		7	1
237	2024-07-02 09:54:07.208131+09	64	PDF3 object (64)	3		7	1
238	2024-07-02 09:54:07.209413+09	63	PDF3 object (63)	3		7	1
239	2024-07-02 09:54:07.210459+09	62	PDF3 object (62)	3		7	1
240	2024-07-02 09:54:07.211373+09	61	PDF3 object (61)	3		7	1
241	2024-07-02 09:54:07.212093+09	60	PDF3 object (60)	3		7	1
242	2024-07-02 09:54:07.212895+09	59	PDF3 object (59)	3		7	1
243	2024-07-02 09:54:07.213657+09	58	PDF3 object (58)	3		7	1
244	2024-07-02 09:54:07.214467+09	57	PDF3 object (57)	3		7	1
245	2024-07-02 09:54:07.215382+09	56	PDF3 object (56)	3		7	1
246	2024-07-02 09:54:07.216676+09	55	PDF3 object (55)	3		7	1
247	2024-07-02 09:54:07.217857+09	54	PDF3 object (54)	3		7	1
248	2024-07-02 09:54:07.218799+09	53	PDF3 object (53)	3		7	1
249	2024-07-02 09:54:07.220021+09	52	PDF3 object (52)	3		7	1
250	2024-07-02 09:54:07.220944+09	51	PDF3 object (51)	3		7	1
251	2024-07-02 09:54:07.221912+09	50	PDF3 object (50)	3		7	1
252	2024-07-02 09:54:07.222982+09	49	PDF3 object (49)	3		7	1
253	2024-07-02 09:54:07.224329+09	48	PDF3 object (48)	3		7	1
254	2024-07-02 09:54:07.225313+09	47	PDF3 object (47)	3		7	1
255	2024-07-02 09:54:07.226136+09	46	PDF3 object (46)	3		7	1
256	2024-07-02 09:54:07.227132+09	45	PDF3 object (45)	3		7	1
257	2024-07-02 09:54:07.228152+09	44	PDF3 object (44)	3		7	1
258	2024-07-02 09:54:07.228948+09	43	PDF3 object (43)	3		7	1
259	2024-07-02 09:54:07.23+09	42	PDF3 object (42)	3		7	1
260	2024-07-02 09:54:07.231348+09	41	PDF3 object (41)	3		7	1
261	2024-07-02 09:54:07.232397+09	40	PDF3 object (40)	3		7	1
262	2024-07-02 09:54:07.23341+09	39	PDF3 object (39)	3		7	1
263	2024-07-02 09:54:07.234392+09	38	PDF3 object (38)	3		7	1
264	2024-07-02 09:54:07.235324+09	37	PDF3 object (37)	3		7	1
265	2024-07-02 09:54:07.236109+09	36	PDF3 object (36)	3		7	1
266	2024-07-02 09:54:07.236954+09	35	PDF3 object (35)	3		7	1
267	2024-07-02 09:54:07.237902+09	34	PDF3 object (34)	3		7	1
268	2024-07-02 09:54:07.238969+09	33	PDF3 object (33)	3		7	1
269	2024-07-02 09:54:07.240026+09	32	PDF3 object (32)	3		7	1
270	2024-07-02 09:54:07.240873+09	31	PDF3 object (31)	3		7	1
271	2024-07-02 09:54:07.24183+09	30	PDF3 object (30)	3		7	1
272	2024-07-02 09:54:07.242781+09	29	PDF3 object (29)	3		7	1
273	2024-07-02 09:54:07.243589+09	28	PDF3 object (28)	3		7	1
274	2024-07-02 09:54:07.24441+09	27	PDF3 object (27)	3		7	1
275	2024-07-02 09:54:07.245449+09	26	PDF3 object (26)	3		7	1
276	2024-07-02 09:54:07.246385+09	25	PDF3 object (25)	3		7	1
277	2024-07-02 09:54:07.247297+09	24	PDF3 object (24)	3		7	1
278	2024-07-02 09:54:07.248145+09	23	PDF3 object (23)	3		7	1
279	2024-07-02 09:54:07.248936+09	22	PDF3 object (22)	3		7	1
280	2024-07-02 09:54:07.249753+09	21	PDF3 object (21)	3		7	1
281	2024-07-02 09:54:07.25053+09	20	PDF3 object (20)	3		7	1
282	2024-07-02 09:54:07.251411+09	19	PDF3 object (19)	3		7	1
283	2024-07-02 09:54:07.252309+09	18	PDF3 object (18)	3		7	1
284	2024-07-02 09:54:07.25304+09	17	PDF3 object (17)	3		7	1
285	2024-07-02 09:54:07.253792+09	16	PDF3 object (16)	3		7	1
286	2024-07-02 09:54:07.254607+09	15	PDF3 object (15)	3		7	1
287	2024-07-02 09:54:07.255291+09	14	PDF3 object (14)	3		7	1
288	2024-07-02 09:54:07.256226+09	13	PDF3 object (13)	3		7	1
289	2024-07-02 09:54:07.25701+09	12	PDF3 object (12)	3		7	1
290	2024-07-02 09:54:07.258045+09	11	PDF3 object (11)	3		7	1
291	2024-07-02 09:54:07.259029+09	10	PDF3 object (10)	3		7	1
292	2024-07-02 09:54:07.259867+09	9	PDF3 object (9)	3		7	1
293	2024-07-02 09:54:07.260788+09	8	PDF3 object (8)	3		7	1
294	2024-07-02 09:54:07.261635+09	7	PDF3 object (7)	3		7	1
295	2024-07-02 09:54:07.262437+09	6	PDF3 object (6)	3		7	1
296	2024-07-02 09:54:07.263258+09	5	PDF3 object (5)	3		7	1
297	2024-07-02 09:54:07.264+09	4	PDF3 object (4)	3		7	1
298	2024-07-02 09:54:07.265012+09	3	PDF3 object (3)	3		7	1
299	2024-07-02 09:54:07.266023+09	2	PDF3 object (2)	3		7	1
300	2024-07-02 09:54:07.266827+09	1	PDF3 object (1)	3		7	1
301	2024-07-02 09:54:12.947917+09	100	PDF4 object (100)	3		9	1
302	2024-07-02 09:54:12.949572+09	99	PDF4 object (99)	3		9	1
303	2024-07-02 09:54:12.950711+09	98	PDF4 object (98)	3		9	1
304	2024-07-02 09:54:12.951661+09	97	PDF4 object (97)	3		9	1
305	2024-07-02 09:54:12.952694+09	96	PDF4 object (96)	3		9	1
306	2024-07-02 09:54:12.953715+09	95	PDF4 object (95)	3		9	1
307	2024-07-02 09:54:12.954827+09	94	PDF4 object (94)	3		9	1
308	2024-07-02 09:54:12.955798+09	93	PDF4 object (93)	3		9	1
309	2024-07-02 09:54:12.956778+09	92	PDF4 object (92)	3		9	1
310	2024-07-02 09:54:12.957804+09	91	PDF4 object (91)	3		9	1
311	2024-07-02 09:54:12.958769+09	90	PDF4 object (90)	3		9	1
312	2024-07-02 09:54:12.959578+09	89	PDF4 object (89)	3		9	1
313	2024-07-02 09:54:12.96037+09	88	PDF4 object (88)	3		9	1
314	2024-07-02 09:54:12.961462+09	87	PDF4 object (87)	3		9	1
315	2024-07-02 09:54:12.962409+09	86	PDF4 object (86)	3		9	1
316	2024-07-02 09:54:12.963453+09	85	PDF4 object (85)	3		9	1
317	2024-07-02 09:54:12.96433+09	84	PDF4 object (84)	3		9	1
318	2024-07-02 09:54:12.965236+09	83	PDF4 object (83)	3		9	1
319	2024-07-02 09:54:12.966354+09	82	PDF4 object (82)	3		9	1
320	2024-07-02 09:54:12.967172+09	81	PDF4 object (81)	3		9	1
321	2024-07-02 09:54:12.967848+09	80	PDF4 object (80)	3		9	1
322	2024-07-02 09:54:12.968533+09	79	PDF4 object (79)	3		9	1
323	2024-07-02 09:54:12.969332+09	78	PDF4 object (78)	3		9	1
324	2024-07-02 09:54:12.97018+09	77	PDF4 object (77)	3		9	1
325	2024-07-02 09:54:12.970962+09	76	PDF4 object (76)	3		9	1
326	2024-07-02 09:54:12.971697+09	75	PDF4 object (75)	3		9	1
327	2024-07-02 09:54:12.972466+09	74	PDF4 object (74)	3		9	1
328	2024-07-02 09:54:12.973308+09	73	PDF4 object (73)	3		9	1
329	2024-07-02 09:54:12.974315+09	72	PDF4 object (72)	3		9	1
330	2024-07-02 09:54:12.975236+09	71	PDF4 object (71)	3		9	1
331	2024-07-02 09:54:12.976312+09	70	PDF4 object (70)	3		9	1
332	2024-07-02 09:54:12.977479+09	69	PDF4 object (69)	3		9	1
333	2024-07-02 09:54:12.978465+09	68	PDF4 object (68)	3		9	1
334	2024-07-02 09:54:12.979187+09	67	PDF4 object (67)	3		9	1
335	2024-07-02 09:54:12.980129+09	66	PDF4 object (66)	3		9	1
336	2024-07-02 09:54:12.981015+09	65	PDF4 object (65)	3		9	1
337	2024-07-02 09:54:12.982011+09	64	PDF4 object (64)	3		9	1
338	2024-07-02 09:54:12.982897+09	63	PDF4 object (63)	3		9	1
339	2024-07-02 09:54:12.984028+09	62	PDF4 object (62)	3		9	1
340	2024-07-02 09:54:12.984903+09	61	PDF4 object (61)	3		9	1
341	2024-07-02 09:54:12.985611+09	60	PDF4 object (60)	3		9	1
342	2024-07-02 09:54:12.986329+09	59	PDF4 object (59)	3		9	1
343	2024-07-02 09:54:12.987315+09	58	PDF4 object (58)	3		9	1
344	2024-07-02 09:54:12.988269+09	57	PDF4 object (57)	3		9	1
345	2024-07-02 09:54:12.98917+09	56	PDF4 object (56)	3		9	1
346	2024-07-02 09:54:12.990329+09	55	PDF4 object (55)	3		9	1
347	2024-07-02 09:54:12.991286+09	54	PDF4 object (54)	3		9	1
348	2024-07-02 09:54:12.99206+09	53	PDF4 object (53)	3		9	1
349	2024-07-02 09:54:12.992806+09	52	PDF4 object (52)	3		9	1
350	2024-07-02 09:54:12.993634+09	51	PDF4 object (51)	3		9	1
351	2024-07-02 09:54:12.994482+09	50	PDF4 object (50)	3		9	1
352	2024-07-02 09:54:12.995395+09	49	PDF4 object (49)	3		9	1
353	2024-07-02 09:54:12.996401+09	48	PDF4 object (48)	3		9	1
354	2024-07-02 09:54:12.997697+09	47	PDF4 object (47)	3		9	1
355	2024-07-02 09:54:12.998675+09	46	PDF4 object (46)	3		9	1
356	2024-07-02 09:54:12.999481+09	45	PDF4 object (45)	3		9	1
357	2024-07-02 09:54:13.000249+09	44	PDF4 object (44)	3		9	1
358	2024-07-02 09:54:13.001096+09	43	PDF4 object (43)	3		9	1
359	2024-07-02 09:54:13.002003+09	42	PDF4 object (42)	3		9	1
360	2024-07-02 09:54:13.00337+09	41	PDF4 object (41)	3		9	1
361	2024-07-02 09:54:13.004469+09	40	PDF4 object (40)	3		9	1
362	2024-07-02 09:54:13.005284+09	39	PDF4 object (39)	3		9	1
363	2024-07-02 09:54:13.006446+09	38	PDF4 object (38)	3		9	1
364	2024-07-02 09:54:13.007371+09	37	PDF4 object (37)	3		9	1
365	2024-07-02 09:54:13.008341+09	36	PDF4 object (36)	3		9	1
366	2024-07-02 09:54:13.009118+09	35	PDF4 object (35)	3		9	1
367	2024-07-02 09:54:13.010287+09	34	PDF4 object (34)	3		9	1
368	2024-07-02 09:54:13.011426+09	33	PDF4 object (33)	3		9	1
369	2024-07-02 09:54:13.012355+09	32	PDF4 object (32)	3		9	1
370	2024-07-02 09:54:13.013428+09	31	PDF4 object (31)	3		9	1
371	2024-07-02 09:54:13.014263+09	30	PDF4 object (30)	3		9	1
372	2024-07-02 09:54:13.015009+09	29	PDF4 object (29)	3		9	1
373	2024-07-02 09:54:13.015876+09	28	PDF4 object (28)	3		9	1
374	2024-07-02 09:54:13.016765+09	27	PDF4 object (27)	3		9	1
375	2024-07-02 09:54:13.017758+09	26	PDF4 object (26)	3		9	1
376	2024-07-02 09:54:13.018642+09	25	PDF4 object (25)	3		9	1
377	2024-07-02 09:54:13.019544+09	24	PDF4 object (24)	3		9	1
378	2024-07-02 09:54:13.020353+09	23	PDF4 object (23)	3		9	1
379	2024-07-02 09:54:13.021217+09	22	PDF4 object (22)	3		9	1
380	2024-07-02 09:54:13.0222+09	21	PDF4 object (21)	3		9	1
381	2024-07-02 09:54:13.023135+09	20	PDF4 object (20)	3		9	1
382	2024-07-02 09:54:13.023939+09	19	PDF4 object (19)	3		9	1
383	2024-07-02 09:54:13.024733+09	18	PDF4 object (18)	3		9	1
384	2024-07-02 09:54:13.025729+09	17	PDF4 object (17)	3		9	1
385	2024-07-02 09:54:13.026623+09	16	PDF4 object (16)	3		9	1
386	2024-07-02 09:54:13.027531+09	15	PDF4 object (15)	3		9	1
387	2024-07-02 09:54:13.028492+09	14	PDF4 object (14)	3		9	1
388	2024-07-02 09:54:13.029406+09	13	PDF4 object (13)	3		9	1
389	2024-07-02 09:54:13.030331+09	12	PDF4 object (12)	3		9	1
390	2024-07-02 09:54:13.03136+09	11	PDF4 object (11)	3		9	1
391	2024-07-02 09:54:13.032451+09	10	PDF4 object (10)	3		9	1
392	2024-07-02 09:54:13.033339+09	9	PDF4 object (9)	3		9	1
393	2024-07-02 09:54:13.034327+09	8	PDF4 object (8)	3		9	1
394	2024-07-02 09:54:13.035127+09	7	PDF4 object (7)	3		9	1
395	2024-07-02 09:54:13.035984+09	6	PDF4 object (6)	3		9	1
396	2024-07-02 09:54:13.036722+09	5	PDF4 object (5)	3		9	1
397	2024-07-02 09:54:13.037639+09	4	PDF4 object (4)	3		9	1
398	2024-07-02 09:54:13.038582+09	3	PDF4 object (3)	3		9	1
399	2024-07-02 09:54:13.039649+09	2	PDF4 object (2)	3		9	1
400	2024-07-02 09:54:13.040592+09	1	PDF4 object (1)	3		9	1
401	2024-07-03 21:59:06.402369+09	16	9. 오토스케일링 설정 시 오토 스케일링 그룹(ASG)에서 설정 가능한 내용이 아닌 것은 무엇인가?	3		11	1
402	2024-07-03 21:59:06.405673+09	15	7. 다음 중 콘솔에서 서비스를 신청할 수 없는 서비스는?	3		11	1
403	2024-07-03 21:59:06.406907+09	14	6. 네이버 클라우드 플랫폼에서 제공하고 있지 않은 전문화된 클라우드는 어떤 것인가요?	3		11	1
404	2024-07-03 21:59:06.407932+09	13	5. 현재 네이버 클라우드 플랫폼에서 제공되지 않는 리전은?	3		11	1
405	2024-07-03 21:59:06.408852+09	12	4. 다음 중, 사용자가 Agent를 설치해야지만 사용할 수 있는 서비스가 아닌 것은?	3		11	1
406	2024-07-03 21:59:06.410425+09	11	3. 네이버 클라우드 플랫폼에는 다양한 상품들이 카테고리로 그룹화되어 있습니다. "CloudHadoop" 상품은 어떤 카테고리에 속해 있을까요?	3		11	1
407	2024-07-03 21:59:06.411402+09	10	2. 다음중 네이버 클라우드 플랫폼에서 제공하는 상품이 아닌 것은 무엇인가요?	3		11	1
408	2024-07-03 21:59:06.412155+09	9	1. Public IP에 대한 설명 중 틀린 것은?	3		11	1
409	2024-07-03 21:59:06.413054+09	8	9. 오토스케일링 설정 시 오토 스케일링 그룹(ASG)에서 설정 가능한 내용이 아닌 것은 무엇인가?	3		11	1
410	2024-07-03 21:59:06.41384+09	7	7. 다음 중 콘솔에서 서비스를 신청할 수 없는 서비스는?	3		11	1
411	2024-07-03 21:59:06.415127+09	6	6. 네이버 클라우드 플랫폼에서 제공하고 있지 않은 전문화된 클라우드는 어떤 것인가요?	3		11	1
412	2024-07-03 21:59:06.416212+09	5	5. 현재 네이버 클라우드 플랫폼에서 제공되지 않는 리전은?	3		11	1
413	2024-07-03 21:59:06.417136+09	4	4. 다음 중, 사용자가 Agent를 설치해야지만 사용할 수 있는 서비스가 아닌 것은?	3		11	1
414	2024-07-03 21:59:06.418067+09	3	3. 네이버 클라우드 플랫폼에는 다양한 상품들이 카테고리로 그룹화되어 있습니다. "CloudHadoop" 상품은 어떤 카테고리에 속해 있을까요?	3		11	1
415	2024-07-03 21:59:06.420148+09	2	2. 다음중 네이버 클라우드 플랫폼에서 제공하는 상품이 아닌 것은 무엇인가요?	3		11	1
416	2024-07-03 21:59:06.421211+09	1	1. Public IP에 대한 설명 중 틀린 것은?	3		11	1
417	2024-07-03 22:12:58.237907+09	133	83. VPC 환경 / Classic 2세대 서버의 High Memory 서버 스펙 중 생성 가능한 서버 스펙은 무엇인가요?	3		11	1
418	2024-07-03 22:12:58.240818+09	132	80. VPC 환경 / Classic 2세대 서버의 Standard 서버 스펙 중 생성 가능한 서버 스펙은 무엇인가요?	3		11	1
419	2024-07-03 22:12:58.242039+09	131	76. VPC 환경 / Classic 2세대 서버의 스펙 중 생성 불가능한 서버 스펙은 무엇인가요?	3		11	1
420	2024-07-03 22:12:58.242925+09	130	50. 다음 로드밸런서 관련 설명 중 틀린 것은?	3		11	1
421	2024-07-03 22:12:58.244423+09	129	49. 네이버 클라우드 플랫폼 VPC 환경에서 제공하는 로드밸런서 중 SSL인증을 지원하는 로드밸런서는 무엇인가요?	3		11	1
422	2024-07-03 22:12:58.246016+09	128	123. 네이버 클라우드 플랫폼의 VPC 환경에서 서버 NIC 하나에 적용할 수 있는 ACG의 개수는?	3		11	1
423	2024-07-03 22:12:58.247684+09	127	122. 네이버클라우드플랫폼에서 제공하는 GPU 서버는 VM에 최대 몇 개의 GPU를 제공할 수 있는지 올바른 답을 고르시오.	3		11	1
424	2024-07-03 22:12:58.249329+09	126	121. 내 서버 이미지에 대한 설명으로 틀린 것은?	3		11	1
425	2024-07-03 22:12:58.25073+09	125	120. 다음 중 Global Route Manager의 로드밸런싱 타입이 아닌 것은?	3		11	1
426	2024-07-03 22:12:58.252108+09	124	119. NAS 상품 설명 중 틀린 것은?	3		11	1
427	2024-07-03 22:12:58.253812+09	123	118. 네이버 클라우드 플랫폼 VPC 환경에서 제공되는 GPU 서버의 특징으로 틀린 것은?	3		11	1
428	2024-07-03 22:12:58.255342+09	122	117. 다음 중 오브젝트 스토리지 설명 중 틀린 것은?	3		11	1
429	2024-07-03 22:12:58.256874+09	121	116. 네이버 클라우드 플랫폼의 GPU 상품에 대한 설명 중 틀린 것은?	3		11	1
430	2024-07-03 22:12:58.257939+09	120	115. 네이버 클라우드 플랫폼의 보안 상품 중 없는 상품은?	3		11	1
431	2024-07-03 22:12:58.260339+09	119	114. Cloud DB 상품에서 제공하고 있지 않은 DBMS는?	3		11	1
432	2024-07-03 22:12:58.261835+09	118	113. 다음 중 클라우드의 비용과 관련이 가장 높은 개념은 무엇인가요?	3		11	1
433	2024-07-03 22:12:58.263055+09	117	112. 오브젝트 스토리지의 설명 중 맞는 것은?	3		11	1
434	2024-07-03 22:12:58.264351+09	116	111. 네이버 클라우드 플랫폼 NAS에 대한 설명 중 틀린 것은?	3		11	1
435	2024-07-03 22:12:58.265788+09	115	110. VPC는 하나의 독립된 네트웍을 구성하게 됩니다. 따라서 VPC를 다수 생성하게 되면 VPC간 통신은 되지 않는데 VPC간 통신을 가능하게 해주는 서비스는 무엇인가요?	3		11	1
436	2024-07-03 22:12:58.267187+09	114	109. 비공인 IP를 가진 다수의 서버에게 대표 공인 IP를 이용하여 외부 접속이 가능하게 해주는 상품은?	3		11	1
437	2024-07-03 22:12:58.268479+09	113	108. NCA CDN+ 관련 용어 설명 중 틀린 것은?	3		11	1
438	2024-07-03 22:12:58.270559+09	112	107. 라이브 스트리밍 서비스를 진행하는데 필요한 모든 Back-end 기능을 지원하며, NAVER Cloud Platform CDN 연동을 통해 원활한 라이브 진행을 할 수 있는 상품은?	3		11	1
439	2024-07-03 22:12:58.27233+09	111	106. 네이버 클라우드 플랫폼 VPC 환경의 로드밸런서 상품의 설명 중 틀린 것은?	3		11	1
440	2024-07-03 22:12:58.274592+09	110	105. 네이버 클라우드 플랫폼의 VPC 환경에서 ACG에 대한 설명으로 틀린 것은?	3		11	1
441	2024-07-03 22:12:58.276224+09	109	104. 하나의 VPC에 ACG를 최대 몇 개까지 생성 가능한가요?	3		11	1
442	2024-07-03 22:12:58.27751+09	108	103. 네이버 클라우드 플랫폼 Classic 환경의 로드밸런서와 유사한 VPC 환경에서의 로드밸런서는 어떤 방식인가요?	3		11	1
443	2024-07-03 22:12:58.279188+09	107	102. VPC 환경에서 서버를 한 대 생성하였다. 서버 Network Interface에 대한 설명 중 맞는것은?	3		11	1
444	2024-07-03 22:12:58.281008+09	106	101. 네트워크 로드밸런서의 특징으로 틀린 것은 무엇인가요?	3		11	1
445	2024-07-03 22:12:58.282308+09	105	100. 다음에서 설명하는 기능은 어떤 상품을 설명하는 것일까요? 방화벽과 같이 ACL을 설정하는 외부의 네트웍과 연결시 네이버 클라우드 플랫폼내에 있는 다수의 서버들이 하나의 공인 IP로 해당 외부 네트웍에 접근할 수 있게해주며, Private Subnet에서 외부 인터넷으로 연결이 필요할 때 필수적인 상품	3		11	1
446	2024-07-03 22:12:58.283093+09	104	99. 다음 중 CDN+ 설명 중 틀린 것은?	3		11	1
447	2024-07-03 22:12:58.284269+09	103	98. VPC 환경에서는 다양한 방식의 로드밸런서를 제공하고 있습니다. 네이버 클라우드 플랫폼에서 제공하고 있지 않은 로드밸런서 방식은 무엇인가요?	3		11	1
448	2024-07-03 22:12:58.286279+09	102	97. 다음 중 VPC에서 사용할 수 없는 IP 대역은 무엇인가요?	3		11	1
449	2024-07-03 22:12:58.288605+09	101	96. VOD Transcoder에 대한 설명 중 틀린 것은?	3		11	1
450	2024-07-03 22:12:58.290897+09	100	95. Classic 환경에서 서버에 부착된 하나의 NIC에 두 개 이상의 IP를 부여하였을 때 발생할수 있는 상황은?	3		11	1
451	2024-07-03 22:12:58.292702+09	99	94. 다음 중 VPC에서 사용할 수 없는 IP 대역은 무엇인가요?	3		11	1
452	2024-07-03 22:12:58.295163+09	98	93. 다음 상품 중 Networking 카테고리 상품이 아닌 것은 무엇인가요?	3		11	1
453	2024-07-03 22:12:58.297316+09	97	92. 네이버 클라우드 플랫폼 백업 상품의 경우, 백업 데이터 보관 기간으로 알맞은 것은?	3		11	1
454	2024-07-03 22:12:58.299168+09	96	91. 백업 서비스 설명 중 틀린 것은?	3		11	1
455	2024-07-03 22:12:58.300855+09	95	90. 서버 스토리지에 대한 설명으로 맞는 것은?	3		11	1
456	2024-07-03 22:12:58.302267+09	94	89. Object Storage에 대한 설명 중 틀린 것은?	3		11	1
457	2024-07-03 22:12:58.303511+09	93	88. Bare-Metal 서버 기능 설명으로 맞는 것은?	3		11	1
458	2024-07-03 22:12:58.305041+09	92	87. Linux용 Init Script로 생성 불가능한 스크립트 언어는?	3		11	1
459	2024-07-03 22:12:58.306866+09	91	86. VPC 환경에서 사용 중인 VM에 ACG 관리 작업으로 맞는 것을 고르시오.	3		11	1
460	2024-07-03 22:12:58.308839+09	90	85. VPC 환경 / Classic 2세대 서버의 High CPU 서버 스펙 중 생성 가능한 서버 스펙은 무엇인가요?	3		11	1
461	2024-07-03 22:12:58.311411+09	89	84. 서버 생성 시 선택 가능한 스토리지 종류에 대한 설명 중 틀린 것은?	3		11	1
462	2024-07-03 22:12:58.313213+09	88	82. SSD 스토리지의 크기가 400GB일 때 MAX IOPS는 얼마인가?	3		11	1
463	2024-07-03 22:12:58.315133+09	87	81. 서버 패스워드에 대한 설명 중 틀린 것은?	3		11	1
464	2024-07-03 22:12:58.316945+09	86	79. 백업 상품 신청서 작성 시 필요한 정보가 아닌 것은?	3		11	1
465	2024-07-03 22:12:58.318458+09	85	78. 서버 생성시 init script를 통해 서버를 구성할 수 있습니다. CentOS 7.x버전의 서버를 생성하면서 HTTPD를 설치한 후, HTTPD가 자동으로 가동되도록 init script에 명령어를 입력하고자 하는 경우 올바른 명령어는 무엇인가요?	3		11	1
466	2024-07-03 22:12:58.319925+09	84	77. 오토스케일링의 Launch Configuration 구성 시 구성 가능한 항목이 아닌 것을 고르시오.	3		11	1
467	2024-07-03 22:12:58.321717+09	83	75. 오토스케일링을 구성하고자 할 때 오토스케일링 그룹(ASG)을 구성하여야 한다. 오토스케일링 그룹에 대한 설명으로 틀린 것은?	3		11	1
468	2024-07-03 22:12:58.324379+09	82	74. 네이버 클라우드 플랫폼에서 제공하는 시스템 로그 분석 서비스는?	3		11	1
469	2024-07-03 22:12:58.326222+09	81	73. VPC 플랫폼에서 서버 정지 시 요금 할인이 적용되지 않는 서버 타입은?	3		11	1
470	2024-07-03 22:12:58.328653+09	80	72. 네이버 클라우드 플랫폼에서 제공하지 않는 OS는?	3		11	1
471	2024-07-03 22:12:58.330617+09	79	71. 클라우드는 기존 Legacy와 비교하여 다양한 장점이 있습니다. 아래 보기 중 클라우드 장점이 아닌 것은?	3		11	1
472	2024-07-03 22:12:58.332437+09	78	70. 네이버 클라우드 플랫폼 AI 서비스에서 제공하지 않는 상품은?	3		11	1
473	2024-07-03 22:12:58.334282+09	77	69. 네이버 클라우드 플랫폼 챗봇 서비스와 채널 연동되는 서비스가 아닌 것은?	3		11	1
474	2024-07-03 22:12:58.336461+09	76	68. Cloud Log Analytics의 최대 저장 기간은?	3		11	1
475	2024-07-03 22:12:58.338423+09	75	67. Outbound Mailer에서 메일 제목과 본문에서 스프레드 시트나 DB의열 데이터를 순차적으로 입력하기 위한 기능은?	3		11	1
476	2024-07-03 22:12:58.339881+09	74	66. Cloud Log Analytics에 저장할 수 있는 최대 로그 용량은?	3		11	1
477	2024-07-03 22:12:58.341321+09	73	65. 네이버 클라우드 플랫폼에서는 다양한 소통 채널을 통해 사용자와 소통을 진행하고 있습니다. 현재 네이버 클라우드 플랫폼에서 운영하고 있지 않은 채널은 무엇인가요?	3		11	1
478	2024-07-03 22:12:58.342607+09	72	64. VPC 플랫폼 상의 상품 의존성 관계를 [상품 : 의존성] 형태로 나타냈을 때, 올바르지 않은 관계는?	3		11	1
479	2024-07-03 22:12:58.344479+09	71	63. 네이버 클라우드 플랫폼 App Safer에서 앱 실행 환경 탐지가 가능한 부분이 아닌 것은?	3		11	1
480	2024-07-03 22:12:58.346069+09	70	62. Application 서비스 각각의 서비스 명과 설명 중 잘못된 것은?	3		11	1
481	2024-07-03 22:12:58.347342+09	69	61. 네이버 클라우드 플랫폼 CDN+에 대한 설명 중 틀린 것은?	3		11	1
482	2024-07-03 22:12:58.348534+09	68	60. 다음 중 네이버 클라우드 플랫폼의 Live Station의 특징이 아닌 것은?	3		11	1
483	2024-07-03 22:12:58.350347+09	67	59. 네이버 클라우드 플랫폼에는 다양한 상품들이 카테고리로 그룹화되어있습니다. "VMware on Ncloud" 상품은 어떤 카테고리에 속해 있을까요?	3		11	1
484	2024-07-03 22:12:58.351956+09	66	58. 다음 중 클라우드의 특징에 대해 잘못 설명한 것은 무엇인가요?	3		11	1
485	2024-07-03 22:12:58.355132+09	65	57. 네이버 클라우드 플랫폼 CLI를 이용하고자 할 때 사용하는 명령어는 무엇인가요?	3		11	1
486	2024-07-03 22:12:58.357665+09	64	56. System Security Checker에서 Linux 서버의 점검 항목이 아닌 것은?	3		11	1
487	2024-07-03 22:12:58.359388+09	63	55. 네이버 클라우드 플랫폼의 VPC 환경에서 제공하는 로드밸런서 중 세션 유지가 필요한 TCP 기반 애플리케이션에 이용할 수 있는 로드밸런서는 무엇인가요?	3		11	1
488	2024-07-03 22:12:58.361068+09	62	54. Auto Scaling 구성 시 설정할 수 있는 항목이 아닌 것은?	3		11	1
489	2024-07-03 22:12:58.362437+09	61	53. 네이버 클라우드 플랫폼 Block Storage에서 제공하는 기능이 아닌 것은?	3		11	1
490	2024-07-03 22:12:58.364796+09	60	52. 네이버 클라우드 플랫폼에서 하나의 계정으로 만들 수 있는 최대 VPC 갯수는 몇 개인가요?	3		11	1
491	2024-07-03 22:12:58.366655+09	59	51. 네이버 클라우드 플랫폼 VPC의 Private Subnet에 대한 설명으로 틀린 것은 무엇인가요?	3		11	1
492	2024-07-03 22:12:58.368177+09	58	48. 네이버 클라우드 플랫폼 로드밸런서에서 제공되지 않는 로드 분배 알고리즘은?	3		11	1
493	2024-07-03 22:12:58.369676+09	57	46. VPC 환경에서 Load Balancer를 생성하려고 합니다. Target Group의 디폴트 포트 헬스체크 주기는 얼마인가요?	3		11	1
494	2024-07-03 22:12:58.37143+09	56	45. Load Balancer로 연결 가능한 프로토콜이 아닌 것은 무엇인가요?	3		11	1
495	2024-07-03 22:12:58.373245+09	55	44. 네이버 클라우드 플랫폼 VPC의 NACL에 대한 설명으로 틀린 것은?	3		11	1
496	2024-07-03 22:12:58.37478+09	54	43. Load Balancer 상품에 대한 설명 중 잘못된 것은?	3		11	1
497	2024-07-03 22:12:58.376684+09	53	42. 다음 상품 중 Media 카테고리 상품이 아닌 것은 무엇인가요?	3		11	1
498	2024-07-03 22:12:58.378676+09	52	41. 네이버 클라우드 플랫폼에 서버를 생성하고 네트워크 구성을 하였을 때, 그에 대한 설명으로 틀린 것은 무엇인가요?	3		11	1
499	2024-07-03 22:12:58.38022+09	51	40. 네이버 클라우드 플랫폼 서버에 스토리지 추가를 할 경우 단일 추가 스토리지당 최대 용량은 얼마인가요?	3		11	1
500	2024-07-03 22:12:58.381806+09	50	39. 네이버 클라우드 플랫폼에서 제공하는 GPU 카드는?	3		11	1
501	2024-07-03 22:12:58.383222+09	49	38. 다음 중 Block Storage에 대한 설명 중 잘못된 것은?	3		11	1
502	2024-07-03 22:12:58.384758+09	48	37. 다음 기능을 이용하기 위해, 사전에 서버 정지가 필수적인 기능은?	3		11	1
503	2024-07-03 22:12:58.386799+09	47	35. 마이크로서버에 대한 설명 중 틀린 것은?	3		11	1
504	2024-07-03 22:12:58.388349+09	46	34. 서버 생성시 init script를 통해 서버를 구성할 수 있습니다. CentOS 7.x버전의 서버를 생성하면서 HTTPD를 설치하도록 init script에 명령어를 입력하고자 하는 경우 올바른명령어는 무엇인가요?	3		11	1
505	2024-07-03 22:12:58.389905+09	45	33. Security Monitoring에서 제공되지 않는 항목은?	3		11	1
506	2024-07-03 22:12:58.392334+09	44	32. 네이버 클라우드 플랫폼 VPC 환경에서의 ACG에 대한 설명 중 틀린 것은?	3		11	1
507	2024-07-03 22:12:58.39482+09	43	31. 다음 중, Cloud DB for MySQL과 관련하여 잘못된 설명은?	3		11	1
508	2024-07-03 22:12:58.396648+09	42	30. Workplace에서 제공되지 않는 기능은 무엇인가요?	3		11	1
509	2024-07-03 22:12:58.398291+09	41	29. 네이버 클라우드 플랫폼의 Effective Log Search & Analytics의 로그전송 방법이 아닌것은 무엇인가요?	3		11	1
510	2024-07-03 22:12:58.399992+09	40	28. 네이버 클라우드 플랫폼 상품 중 Apache Kafka Cluster를 제공하는 서비스 이름은 무엇인가요?	3		11	1
511	2024-07-03 22:12:58.401332+09	39	26. 네이버 클라우드 플랫폼 VPC의 Subnet에 대한 설명으로 틀린 것은 무엇인가요?	3		11	1
512	2024-07-03 22:12:58.402497+09	38	25. NCA네이버 클라우드 플랫폼의 VPC 환경에서 ACG 룰이 적용되는 장치는 무엇인가요?	3		11	1
513	2024-07-03 22:12:58.403395+09	37	24. 애플리케이션 로드밸런서의 특징으로 틀린 것은 무엇인가요?	3		11	1
514	2024-07-03 22:12:58.405023+09	36	23. Image Optimizer에 대한 설명으로 틀린 것을 고르시오.	3		11	1
515	2024-07-03 22:12:58.407006+09	35	22. 네이버 클라우드 플랫폼의 VPC 환경에서 ACG에 대한 설명으로 옳은 것은 무엇인가요?	3		11	1
516	2024-07-03 22:12:58.408726+09	34	21. 다음 중 VPC에서 사용 가능한 IP 대역은 무엇인가요?	3		11	1
517	2024-07-03 22:13:02.858823+09	33	20. 다음 상품 중 상품 생성 시 CDN을 함께 생성하는 기능이 없는 상품은 무엇인가요?	3		11	1
518	2024-07-03 22:13:02.860961+09	32	19. CDN+ 설정 시 설정 항목에 대한 설명 중 올바르지 않은 것은 무엇인가요?	3		11	1
519	2024-07-03 22:13:02.861922+09	31	17. 다음 스토리지 상품 특징에 대한 설명으로 맞는 것은?	3		11	1
520	2024-07-03 22:13:02.862855+09	30	15. 다음 중, 네이버 클라우드 플랫폼 서버에 스토리지 추가와 관련하여 틀리게 설명한 것은?	3		11	1
521	2024-07-03 22:13:02.863878+09	29	14. Bare Metal 서버에 대한 설명 중 틀린 것은?	3		11	1
522	2024-07-03 22:13:02.864925+09	28	13. 베어메탈에 대한 설명 중 틀린 것은?	3		11	1
523	2024-07-03 22:13:02.866589+09	27	12. 다음 중, NAS에 대한 설명 중 잘못된 것은?	3		11	1
524	2024-07-03 22:13:02.867958+09	26	11. Data Teleporter에 대한 설명으로 잘못된 것은?	3		11	1
525	2024-07-03 22:13:02.869393+09	25	10. 다음이 설명하는 내용은 Auto Scaling의 어떤 항목인가? 새로운 서버가 생성되었다고 해도, Init-Script 실행이나 업데이트 설치 등의 이유로 실제 서비스를 수행할 수 있을 정도로 준비되기까지는 시간이 소요될 수 있습니다. 이것은 실제Scaling이 수행 중이거나 수행 완료된 이후에 모니터링 이벤트 알람이 발생하더라도 무시하도록 설정한 	3		11	1
526	2024-07-03 22:13:02.870634+09	24	9. 오토스케일링 설정 시 오토 스케일링 그룹(ASG)에서 설정 가능한 내용이 아닌 것은 무엇인가?	3		11	1
527	2024-07-03 22:13:02.871926+09	23	7. 다음 중 콘솔에서 서비스를 신청할 수 없는 서비스는?	3		11	1
528	2024-07-03 22:13:02.87353+09	22	6. 네이버 클라우드 플랫폼에서 제공하고 있지 않은 전문화된 클라우드는 어떤 것인가요?	3		11	1
529	2024-07-03 22:13:02.874885+09	21	5. 현재 네이버 클라우드 플랫폼에서 제공되지 않는 리전은?	3		11	1
530	2024-07-03 22:13:02.876127+09	20	4. 다음 중, 사용자가 Agent를 설치해야지만 사용할 수 있는 서비스가 아닌 것은?	3		11	1
531	2024-07-03 22:13:02.877214+09	19	3. 네이버 클라우드 플랫폼에는 다양한 상품들이 카테고리로 그룹화되어 있습니다. "CloudHadoop" 상품은 어떤 카테고리에 속해 있을까요?	3		11	1
532	2024-07-03 22:13:02.878066+09	18	2. 다음중 네이버 클라우드 플랫폼에서 제공하는 상품이 아닌 것은 무엇인가요?	3		11	1
533	2024-07-03 22:13:02.879286+09	17	1. Public IP에 대한 설명 중 틀린 것은?	3		11	1
534	2024-07-03 22:32:10.967934+09	149	19. CDN+ 설정 시 설정 항목에 대한 설명 중 올바르지 않은 것은 무엇인가요?	2	[{"changed": {"fields": ["Correct answer"]}}]	11	1
535	2024-07-03 22:34:08.275325+09	187	62. Application 서비스 각각의 서비스 명과 설명 중 잘못된 것은?	2	[{"changed": {"fields": ["Correct answer"]}}]	11	1
536	2024-07-03 22:34:27.468647+09	189	64. VPC 플랫폼 상의 상품 의존성 관계를 [상품 : 의존성] 형태로 나타냈을 때, 올바르지 않은 관계는?	2	[{"changed": {"fields": ["Correct answer"]}}]	11	1
537	2024-07-03 22:35:10.29781+09	230	108. NCA CDN+ 관련 용어 설명 중 틀린 것은?	2	[{"changed": {"fields": ["Correct answer"]}}]	11	1
\.


--
-- Data for Name: django_content_type; Type: TABLE DATA; Schema: public; Owner: moon
--

COPY public.django_content_type (id, app_label, model) FROM stdin;
1	admin	logentry
2	auth	permission
3	auth	group
4	auth	user
5	contenttypes	contenttype
6	sessions	session
8	linux	pdf1
10	linux	pdf2
7	linux	pdf3
9	linux	pdf4
11	nca	nca
\.


--
-- Data for Name: django_migrations; Type: TABLE DATA; Schema: public; Owner: moon
--

COPY public.django_migrations (id, app, name, applied) FROM stdin;
1	contenttypes	0001_initial	2024-07-01 10:32:57.015007+09
2	auth	0001_initial	2024-07-01 10:32:57.064082+09
3	admin	0001_initial	2024-07-01 10:32:57.079906+09
4	admin	0002_logentry_remove_auto_add	2024-07-01 10:32:57.086166+09
5	admin	0003_logentry_add_action_flag_choices	2024-07-01 10:32:57.094283+09
6	contenttypes	0002_remove_content_type_name	2024-07-01 10:32:57.106798+09
7	auth	0002_alter_permission_name_max_length	2024-07-01 10:32:57.113957+09
8	auth	0003_alter_user_email_max_length	2024-07-01 10:32:57.122659+09
9	auth	0004_alter_user_username_opts	2024-07-01 10:32:57.129025+09
10	auth	0005_alter_user_last_login_null	2024-07-01 10:32:57.137838+09
11	auth	0006_require_contenttypes_0002	2024-07-01 10:32:57.140996+09
12	auth	0007_alter_validators_add_error_messages	2024-07-01 10:32:57.147905+09
13	auth	0008_alter_user_username_max_length	2024-07-01 10:32:57.159042+09
14	auth	0009_alter_user_last_name_max_length	2024-07-01 10:32:57.165805+09
15	auth	0010_alter_group_name_max_length	2024-07-01 10:32:57.173496+09
16	auth	0011_update_proxy_permissions	2024-07-01 10:32:57.179994+09
17	auth	0012_alter_user_first_name_max_length	2024-07-01 10:32:57.187907+09
18	sessions	0001_initial	2024-07-01 10:32:57.197075+09
19	linux	0001_initial	2024-07-01 21:15:15.836683+09
20	linux	0002_rename_table13_pdf1_rename_table15_pdf2_and_more	2024-07-01 21:22:20.679479+09
21	nca	0001_initial	2024-07-03 21:55:16.393572+09
22	nca	0002_alter_nca_choice_a_alter_nca_choice_b_and_more	2024-07-03 21:59:26.715173+09
\.


--
-- Data for Name: django_session; Type: TABLE DATA; Schema: public; Owner: moon
--

COPY public.django_session (session_key, session_data, expire_date) FROM stdin;
byhri8i89hi3mcuavdl64xig52b6sklf	.eJxVjDsOwjAQBe_iGln2Jv5R0nMGa9de4wBypDipEHeHSCmgfTPzXiLitta4dV7ilMVZaHH63QjTg9sO8h3bbZZpbusykdwVedAur3Pm5-Vw_w4q9vqtPVBObGlUypZgnGP2BVKBQmNAskpbDBa8Hgh0GYx37ADIkPHIGZV4fwDtVDgE:1sO8I4:hmwHioG2lXw78yd1rm0u-TY7SWtMNWvc1vMYIGkCqME	2024-07-15 13:05:20.617785+09
tqcnmj5oilg1mm3zfsgqxnopmlexu7t6	.eJxVjDsOwjAQBe_iGln2Jv5R0nMGa9de4wBypDipEHeHSCmgfTPzXiLitta4dV7ilMVZaHH63QjTg9sO8h3bbZZpbusykdwVedAur3Pm5-Vw_w4q9vqtPVBObGlUypZgnGP2BVKBQmNAskpbDBa8Hgh0GYx37ADIkPHIGZV4fwDtVDgE:1sOF24:s7PvYETpP4h9q4caUDwBlUUD7lm-9_k35SotrbyMpRA	2024-07-15 20:17:16.056747+09
3p4q9fxwhm7re3kc8fytk813b5wfzpog	.eJztXFlz28gR_itTekg2FRaN-3BVKiWTa61qbUsx5d2HMOUCBqDELE0qPLx2tja_PTPdPQeAIQlKcuIcD5ZJAhj09Pl1T8_8cva-2G3v3u829fr9vDp7fuafDezfyoL_VC_lheqvxfJ2NeSr5XY9L4fyliFd3Qxfr6p68YLubQxwV2zuxNNZUFa8TsrI85JZHqdpXWezgM-CWRnlRZl4flLkSZD5YRn4szDO0joNgjIu46yoq8ITg27qRc23dfX-b7t6s52vloLgzdnzP_uZP_BT8S9OBn7mif-DQRDlAz-JBkEYif9z8b_4PUvFtVhcE_dG4loUDoJA_AvFvVEs_onPkRgjzsR4YgxP_PPFZ3l_Ij4H4hnPF_fL-6K_DM7-tpv__f263uwWW0nIL2cWZWfP5XPml239aSv4kA_ZdMeTIJruKr_wxOegEJ_5zJOf05RPd2XOfXmTL2_imR_LL0HFGw-yA08W1SwTX7JZ_s355OJ34mpcyXt8n7fHLbh8ugyKWAwbx_J66ZXyuhAHDBvJR-IokndxDo9kobwSSRrKMpQ3xzyFmzMc8Y9CWvxuNee1YMsvZ-di3n0mLT-H8nMGhHCvqiS5obhQRgFMWUxBfOGZfDqNM3Y1Ea960X_8BiO8gquJVnHisVfFbsnv2Gi1nM1vd-tCyk0MP8Lh9avlo3le4VQHwBEfRs1gVMFY8ZdHsXh0jI8CBUqSmv1nvw7OwESK5ebnei1ulWxbrddCy81vX5Jx8817et_Z81mx2NS_Djo6HHZ12PeHbFxsC3YjLPJ-td7Wa2StVIhQkkaqhHMtiyxuU5jmUkOLspQU-k21cmhP623MKGuI-jvLme95Ny9odpLByCKp2CjiMuWg0VGk9Z7nXD5dpCBGVPyyyjx4vM3VMvYjJYDKSzhqfway5DiifG8Vc9QFcVcSR0YCwpXAzDM585BHMHCluVRw-CnyM7An-Ve4P7A6-UBQR0Ot6iXeC4Oo-Sa5_MKLyrJanuCTMMeoK7MyyCNDc-VlmqM8ruUEq4RHLCFdYziy9hAkcNRnvIDWUXnwBbU-KSWLI3BfVexJfqaFEHsVznibw1xOXnAtM4zAN6X4dJK3-THqKoeeVsFrD4zTYkkgf0IuKR2NpZCqJMRXI_1FREQFsWRhLd1fFZSZ435FqtKi_eMRs1Ela5Ca5CQ5bKZmS3oGnkqKuKXMxBihueiYC7eiSM_zar7cfWKTev0RDDQRHvvH-bJa_bzRPxJRZVEAz2OPvXk5kT8kvkdXR5fwS8FnYMWgzFXoce3XRGjSduHHbaHyeAZSKL1vPqx2y-3vGHnblkl0J9HTPf7fGJTM-7jzyOHOA4lJkDXCPcLUct8fsDfnk2N-ne59gEuHwbVNZNoDkmWYMGlIiEPJvTzNDPN5YVtmBPGwhHfXoQY25POVn54R1ml61SY9KmCbKduBN_eiNlVKJXKw2irXj5QelyR4s9QQkkh_gvG5ScioRUiZF3DVi3G4diS34UzDQDu4jqxYKB25No0oZmiyR1iESKat3_vU26ndmlianphoA6wYmCswTQbDkXDlEDU6nMyIG8RT8lkESsEPkN_Lk3ydfO9j07HDpkOwaQ5vwrBSQFzygLM9bboKAB_lpXfMmkMbUmndr8I83zfHDAO0gUSWLV5NyA1erQu-qBkEMisa7mMWInUHUCuE71YWBzr29vxyDAwKcvilMmT6gWQKaKUrTrUMAgN4MzlA8yhnFKcHDl8Av1V5ZHAjxc_CU9pHnGw5Ms_JyQYckDp8kuY_nfB6aKtIzjvaGmAEemTwFHHjh-sRU0FTQI6qYarno4tjqt_GLkloUt0eeS8iD2f2e8ABeOxmdD1g78bX4Pkw_nIYrPJcoWqyK5f1dqrTHgC57cSPcE_LIWVtY2m4NYEQpwpDlTnJ2m_4WjAa7mn2HnuLNJO3u0WtOY9iRCsThgUs8Cw7sPSpb378hafQR6kdLjiIh-zN6PxfotdyStnM05Oh9BXzXkxP2tmHiXWnqrLht6m9GP_35nJEynV5TfJHfT1dnDRWH_4nDv4nj3Uqku0kAGVyJ7mPPeHzdJ5fr-cfi22tqRB-mLPrXbmYc0MZSX5PMtWVlJw2QX6PHX9DM0tUVqvQOuSAIs_lx9M65XkUbhJw_vJa238FpUZM4FSNB5wmwsqSy7y6TGdNKNnmBbkaTaI7Xxo7WKsfzSyjcfOsNQVJKdaO4pprSNqCEJCFPjjV_fezrI8tZg5bzJ8owH87m4l3zz8KTLi6ZZO6WPM79ht2viwWn7dzvjG-HziAlXDhDSHfKnwN-Uqex8ZmdHn7cWb63c3N9YRNxt-TtV1eqW9S4ydXo-_pKxRnri7gWy_RW8_2kEDigFihSAgmNd-t59vP7PVqOd-u1vPl7bSZy9gwz1FoInsQilGBN0B86MoHLseqMH95PSEG_Hj-0pTE6wQ0LAWMXhH27B0i3E_3Y46jAhLGQ5N1pinlDUqJ2pnf02ZOb-rtz6v1T2y-3NbrmUDV2nVILIgOp-1AbJfufxxdvxsw_-IFU0ke-WnMItDaLM97pdLcUb3cXk0E8Cx3y-1uoGqD-v37QeiYvBEgOVAZSR5cByIbJbRo5k91qTupdIm98kOPyUt-hPDP5E60-AQerai9TFsqGmSZ8dbMeunNE0y8j37lXf2K_Cdwf-Sg7VhE5Fqov5Gb4QuxgMITzt3pMCZ4lEcmWGiGn8o44rC8hU7034J8WhOmwj6mxJx8e3OhxveGnz59Ys-YnwZDP8GPufyYiQt6BiJIV5a5IuD38kwHEFodFDOEWKts0o7w3C81s5w1gi7k6gwuR66qQ8Iy9GommkUm9izIGgalLsqn2DM_gYgH1XDMsurIlBYOrQS34BqhBYsTpq6v7y_SA4Wy-YzDuuqz-T1-YEpzyiyU1o5VKhq8JtRUaRRqAR6s-aH2NF3Sycpycb9psbgKkdExVZkzZCzUQ3R4oHKO0_5Oqzp-9Yzt4fJSR59DJPDGq1VRsRfFolhyWLPlnlyqrqLshBLkqcsKo0Wx2cz3u1DFRhJwBZZMxX1emoohz-QTqvgmNCnBiNaOqC9OeCeME4IIUbliGf6CmY1EMbzT-iUk-iIssHfLUsQoV7mTKgMH3stMVoBqTqrdNRVya2nN2U2xvhU538V6tbvXwsIivEB_kAUGnbzGtsXjdNFru2-yyO4jHFJsACBqyWZf2baXSX6NLO1jhQ7UH0VPWAN5cz569TQ4wGG3psggMKSKVqoM26xmtaqh54vF6mc2rpefAavAYnQd52zaqlfsBXWQnG2LbT3bLXSCqNYEbFunGLOngOlaDzTkGFQF67oCaD0kWvQis4euZF5XV-L4X1GEnzqWElQh8kDRwgoIPvTc-BSfA0-Jdl815GZ0bcEAsq3E0-RjmqQ6qiIcW4vTTkjcfuUo7eamk7HvUTqPvNp0DO1Fl4efHh1-Wq9qVFO9dnt4wHH_iZ06eN9-kaebTB9Lc2CjOBmyyefNtv5gSjKju5r_pProSOexf6cF_FR7mw8qn6HK2_WYQx2bDi179_p88n0jGZBuy6NlSFKgCzkDpls0qJNR909qq5YGp7WmSiLQT1iOLTMvt9c3wTlmvBVCoC0SleR8uVp-_rDabdjLG6itYhNWEuvMVXZX9RP6ieT3EWvaFWsSDNn5_b3A1NA5agQHlFMbgbB4X_1twgb7LgylUISfPhEsXn0s2OS-rvkde1vz1e1yDkQ-15wo08zgYlImaGOkZgiqZ_tRpTAZ2pDpV5L55ayKFD6TiQcGdPB6uW-EnUZW_SHNMI45WGFwEsodheVoWu6sSeGEXxa87k63tT4Pj2dW0heXUDpOIx20qcMX4kxr-VtRr0so2CwmBsHigLeHBce6V_aGmjaPVIZe3Be3K_bm9Q1NEjPAwPDIIToqagCWQ6wiMRPCW0AXZQzXU-2bMRemB01QnbYWzg3snVJZhfCDZrFuaFOPYC8utk7JDGmqEnIo86JK7WeBdBlX5V-FzQoouJVrBFra_RmB7VuYgFOKn9aIeiK3Uah2ZnAl1DPSJVerO1OrKvDl_PrSMZe-NfD_tHn18atye0XHr6Zpvz0TpF2uLn5m1zyZDu-N3xxepXdgNe3GguPRVPXECpKHTlx34s4GjFSZnWXotQFtRn5uVVl7tCWpVXrhGdmEr-f3W9PV9BQw67HQSW6_6epCNuzMy256kXKdyxltYEZW2Cpj1OEWr5UnsyrivbqTaRGBpcNPWmwoIEctYF-dXhb28FYm1w7H5lZEQ7QMG6vu44G6TTfLqHbTlv8lXYYL1P9hdhw0-KP0aW_BsOlmMqXn8tWslcBZBStQfq5QAfXsOl7yoMRoA9iZbxdssy3WW3a33d5XZC387ieqgjavjRrP1cuiXNT64rjxoHAXeKGXpu8dtIeG-46l8lwkBz9cjdnNWryCr6rje2sMKuxfbrle1xsYWfoL_x_xw1YGAGgJElVI-G4YJNH0eBObFMbN3e5DuSzmi1aUUs3Te4rqFOl32_vdVqsc-RpJwsu5EMFku1oXt7LnTO55IFhgfqTM3tpU8ciK4YPn0kNHAtcGLM9aUDwxqdceSjwn7TCvvuDinWtvRmNbI_bDyNA6WsyFR8U-GoH2Y_WGo-15VOCowNPykLoVuAnI2EyLizdiGpPVbi2yAvGi74rNHenI29VuWYm_5XwJ8NPU1pQyH2s6PlwAUhHA3nEIzrQOTduNIzwpyz_ER82jVumrtTomQwcGkD4N6U3bfXSL8dfOoD6G6No644mc_1i9s4sErMUDJy7AZXjEGQ20o5pFLk2zSN_YUOZVrQR3MDQce2FjnxRMIcQG5FYMcbavdJbHOy8woAJX48lZ2wklvgzEvGdp_lDjPuyxuRwpKemeJiyhz_I94I2TA-kiuQTL_hFxXoqBMqbYbp60VuEt0rlqEsSXHyZdLUAYq1TC0P0E4D-bqo-uu8oypxeFbYvj70bXU5P1WbHLJo2o3eeKH9Df-yW1q4dJh45lEN_LoG-bjcZvfs90LTQLcGNhQdj10QhMM8IqdhFIhyYu6PJ8zly3Nd3LDJIEP5Y_1QEhG0grCivVtT2rKgdUWEIG4_Eh1lY51wkDQfMWSaqr73a5WtfsT7t6_VkgK9lKKIgVLHMSrNIVUFzZiuF24va2TW1WMsc7-yObV3_wA4E-zihgg1KotPzdW7Mw2VxRFSy6-PYGfsa1KigWQA7cqGSp8J4aJyoTLgdp5EHe1rNaKNeajVcfijmVmlqiMBPHaIolP6zWtvmq3VEXbqA8SFCNIiNtZ6UdkZ7p9yNM2NATjnvVU68l4UYRg5APlgekuxkV_K5m3366nwtBP3coUktuetkszky8xkY-SLGbuxE6DFO-vE50LYUm7tiB5IIGNag26bxDxTTo7-2u_lvm288jOo97eHT74mlbiU9xosKbAHxMFLyf2t1xseddvGgbggktPpwYYeKKnl7rtAX1CjalxmAsfHdX_C-vriemmyqotcsRo1vjjhykY05GiU8B3KigRx3LslKBfDkbHLjdInF4A1ZrDoSfgoYTsFbGAAWh-_KtYrBeIps2ujB6b9P_YhT002wXfMet71haLms40yCTx0WoLcbOTZlaWodhdg8AcOp7YdigAYB19IATaeRJEx0f7cifuxs7VKXZLkxjoKJt3mXKtHnkWKWOKPPyVN7T71wHvT5sHyLhcA3o-9TWRkwAAONr7qK7g03B7cGMuVtYeN8moMc5Ny2JRjg2-qxnZ3aKd1j1uH1BXwcn-xihozne91Pn-ROnG-aThBNL2w3b7BBsoHHDMuLIcuMhLOuGMd7mzRpsZYqJtBkVMVmVIBDHu4VCxNNGzYSCyrE6WOM1RyZwGkkkoESt2SJhzx5E68jBbN0NYlwLLLyprSOapIGDPwN2PnrVuot-sRpDe-1WbvPQQZeTE09CwskG_zVLuYdDcB2R5_v5UB8OojrGn8C2Ke3lmLy3DmRg09ZJC2n72INu5-nR85VQh1UPKh4wovd2ZYrNdMLJCbETmeOAvo_C6ApKUGkYFaZxvNHeXbGNrm7MYNsz7IFBxmetY3j0uW1Mwz46AsSsG0x3nXP8pg9eyPlib-9nDK7kK8Dkq8eCvjv2P0Fvdt_Xq2pHE0TatSRYqI6jfc3y9nli7a06vwWFj5VNSvv_rfEQXqVrH7JuvGd89MDwhOOAP9RV7MzuGntfJigDt7EgQRTqD2gc8mVmdKxm3ZsApb6P6JdpWTSpvb03s18kPYllzVbrfZ0ae2rvAAr21hcJn-M2uVCd6uRGkBk0KeS4DoNelRosUhNgqUbTSpdOjOL_o9zp5wudB9U5zwnaF-OcmVqPnQgX1-9c_uOH1yYOmhISuFZMFnROLgYwAunR1Gm46-iZoe1hp7WY-UgPua5Af5N-JNLfaBs3nhYMDcVVHEqR1cBOhAm2xDGmSykC_QCUoGB8oF3VLvWYwlikpnGCwRjC--iP40SY6NGnUHzRvS2Tyatpo5qzdy3-f2LTCa10oJxqQw2J5qvfZ_IUfOyj6I6SSuZ1uxLYM6b2qQbglTPtwTrBYLItllWxrhrXdNIkD4YzGVjj_MaDnfmNAaa7h_UUydMuVAl0wN6ev2bZxQvSuO61CK6NnNf8BC6O1cWo_WAvOe-jpyu5v_z6Ty3QPZA:1sP01z:wNnIUCDGXbZSaAHSvwD8g72yCT3RbzakG1dXGpCUB58	2024-07-17 22:28:19.721679+09
qqvdn9gd0r2qdoh3wamia0ij115ilihx	.eJxVTktuwyAUvAtrZMHjn2X3OUFVWWAetdvIVoO9qnL3jKUs2sUI5gu_YszHPo9H5_u4VHERWsi_WsnTN6-nUb_y-rkN07bu96UMZ2R4uX24bpVvb6_sv4E59xntSKVO7ItVyrfkQmCOjaZGrdiUi1fa5-QpalNIN-Ni4EBUXHExc80Ko51vPO1cx5-D-75sKz7cxeWdlJNktdRWAQEwklSSOlncSWofpXbQyEADN9CDl2SQ8YB10MAJfQce4fsThJ2zq7CPXjp3cTq8FcLH4wlPb1ku:1sP0Cy:xjrk_XPRXguursDm6EgD7Z-LFzn9c-HVCTG6rFhkIzo	2024-07-17 22:39:40.144192+09
\.


--
-- Data for Name: linux_pdf1; Type: TABLE DATA; Schema: public; Owner: moon
--

COPY public.linux_pdf1 (id, col1, col2) FROM stdin;
101	1	2
102	2	2
103	3	3
104	4	3
105	5	1
106	6	2
107	7	3
108	8	3
109	9	4
110	10	3
111	11	1
112	12	4
113	13	2
114	14	4
115	15	1
116	16	1
117	17	2
118	18	2
119	19	2
120	20	4
121	21	4
122	22	2
123	23	1
124	24	2
125	25	1
126	26	3
127	27	3
128	28	2
129	29	4
130	30	4
131	31	3
132	32	2
133	33	4
134	34	1
135	35	4
136	36	2
137	37	1
138	38	2
139	39	1
140	40	2
141	41	3
142	42	3
143	43	4
144	44	2
145	45	1
146	46	1
147	47	2
148	48	3
149	49	1
150	50	1
151	51	2
152	52	2
153	53	2
154	54	4
155	55	3
156	56	2
157	57	1
158	58	1
159	59	4
160	60	2
161	61	4
162	62	1
163	63	1
164	64	2
165	65	2
166	66	1
167	67	1
168	68	4
169	69	3
170	70	1
171	71	1
172	72	2
173	73	2
174	74	3
175	75	1
176	76	2
177	77	1
178	78	4
179	79	2
180	80	3
181	81	1
182	82	1
183	83	4
184	84	4
185	85	3
186	86	3
187	87	2
188	88	3
189	89	1
190	90	3
191	91	1
192	92	3
193	93	4
194	94	1
195	95	3
196	96	1
197	97	3
198	98	2
199	99	2
200	100	4
\.


--
-- Data for Name: linux_pdf2; Type: TABLE DATA; Schema: public; Owner: moon
--

COPY public.linux_pdf2 (id, col1, col3) FROM stdin;
101	1	3
102	2	4
103	3	3
104	4	3
105	5	2
106	6	4
107	7	3
108	8	3
109	9	3
110	10	3
111	11	4
112	12	3
113	13	1
114	14	3
115	15	3
116	16	2
117	17	1
118	18	4
119	19	2
120	20	1
121	21	1
122	22	3
123	23	1
124	24	1
125	25	4
126	26	2
127	27	3
128	28	1
129	29	4
130	30	3
131	31	1
132	32	4
133	33	2
134	34	1
135	35	3
136	36	2
137	37	1
138	38	2
139	39	2
140	40	4
141	41	3
142	42	4
143	43	2
144	44	2
145	45	1
146	46	1
147	47	3
148	48	2
149	49	3
150	50	3
151	51	2
152	52	2
153	53	4
154	54	4
155	55	1
156	56	2
157	57	4
158	58	2
159	59	3
160	60	3
161	61	2
162	62	2
163	63	2
164	64	3
165	65	1
166	66	1
167	67	3
168	68	3
169	69	4
170	70	3
171	71	3
172	72	3
173	73	1
174	74	4
175	75	2
176	76	4
177	77	4
178	78	1
179	79	4
180	80	2
181	81	4
182	82	2
183	83	2
184	84	2
185	85	1
186	86	3
187	87	2
188	88	4
189	89	2
190	90	1
191	91	4
192	92	3
193	93	4
194	94	1
195	95	4
196	96	1
197	97	4
198	98	3
199	99	1
200	100	4
\.


--
-- Data for Name: linux_pdf3; Type: TABLE DATA; Schema: public; Owner: moon
--

COPY public.linux_pdf3 (id, col1, col4) FROM stdin;
101	1	3
102	2	1
103	3	3
104	4	1
105	5	4
106	6	1
107	7	2
108	8	4
109	9	1
110	10	4
111	11	3
112	12	3
113	13	2
114	14	4
115	15	2
116	16	1
117	17	4
118	18	4
119	19	1
120	20	4
121	21	3
122	22	2
123	23	3
124	24	1
125	25	4
126	26	3
127	27	1
128	28	2
129	29	2
130	30	2
131	31	2
132	32	2
133	33	1
134	34	3
135	35	4
136	36	3
137	37	2
138	38	3
139	39	1
140	40	4
141	41	2
142	42	2
143	43	2
144	44	4
145	45	1
146	46	3
147	47	1
148	48	3
149	49	3
150	50	3
151	51	4
152	52	3
153	53	3
154	54	3
155	55	4
156	56	4
157	57	1
158	58	2
159	59	2
160	60	4
161	61	4
162	62	2
163	63	3
164	64	1
165	65	3
166	66	3
167	67	2
168	68	3
169	69	1
170	70	3
171	71	1
172	72	2
173	73	1
174	74	3
175	75	2
176	76	3
177	77	3
178	78	4
179	79	2
180	80	3
181	81	2
182	82	1
183	83	2
184	84	2
185	85	3
186	86	4
187	87	4
188	88	2
189	89	2
190	90	4
191	91	1
192	92	2
193	93	1
194	94	4
195	95	4
196	96	2
197	97	3
198	98	1
199	99	2
200	100	2
\.


--
-- Data for Name: linux_pdf4; Type: TABLE DATA; Schema: public; Owner: moon
--

COPY public.linux_pdf4 (id, col1, col5) FROM stdin;
101	1	3
102	2	2
103	3	1
104	4	3
105	5	1
106	6	2
107	7	4
108	8	1
109	9	3
110	10	1
111	11	3
112	12	2
113	13	1
114	14	3
115	15	3
116	16	2
117	17	3
118	18	4
119	19	2
120	20	1
121	21	3
122	22	4
123	23	2
124	24	3
125	25	1
126	26	3
127	27	4
128	28	1
129	29	3
130	30	2
131	31	2
132	32	2
133	33	1
134	34	4
135	35	2
136	36	4
137	37	3
138	38	2
139	39	4
140	40	3
141	41	4
142	42	4
143	43	1
144	44	3
145	45	3
146	46	4
147	47	2
148	48	2
149	49	3
150	50	3
151	51	2
152	52	3
153	53	2
154	54	4
155	55	4
156	56	3
157	57	1
158	58	1
159	59	3
160	60	2
161	61	3
162	62	1
163	63	2
164	64	2
165	65	2
166	66	2
167	67	4
168	68	4
169	69	1
170	70	4
171	71	2
172	72	2
173	73	2
174	74	3
175	75	3
176	76	1
177	77	2
178	78	2
179	79	1
180	80	4
181	81	4
182	82	3
183	83	4
184	84	1
185	85	4
186	86	2
187	87	1
188	88	3
189	89	4
190	90	4
191	91	2
192	92	2
193	93	4
194	94	3
195	95	3
196	96	2
197	97	3
198	98	3
199	99	3
200	100	1
\.


--
-- Data for Name: nca_nca; Type: TABLE DATA; Schema: public; Owner: moon
--

COPY public.nca_nca (id, question_text, choice_a, choice_b, choice_c, choice_d, correct_answer) FROM stdin;
149	19. CDN+ 설정 시 설정 항목에 대한 설명 중 올바르지 않은 것은 무엇인가요?	Purge : CDN 캐시 서버에 저장되어 있는 콘텐츠를 삭제하는 기능	Secure Token : 토큰 기반의 인증으로 허용된 접근에만 콘텐츠를 전달	lgnore Query String : 콘텐츠가 지정된 도메인에만 제공되며 다른 사이트에서 참조되는 것을 방지	Access Log : CDN 사용 로그를 확인할 수 있는 기능	lgnore Query String : 콘텐츠가 지정된 도메인에만 제공되며 다른 사이트에서 참조되는 것을 방지
187	62. Application 서비스 각각의 서비스 명과 설명 중 잘못된 것은?	Clova Speech Recognition : 사람의 목소리를 텍스트로 바꿔주어 다양한 음성인식 서비스에 활용 가능한 서버	Clova Face Recognition : 이미지 속의 얼굴을 감지하고 인식하여 얻은 다양한 정보를 제공할 수 있는 서비스	Papago NMT : 입력한 텍스트를 대규모 학습 데이터를 기반으로 여러 나라의 언어로 지동 번역해주는 서비스	Object Detection : 입력한 텍스트를 자연스러운 목소리로 재생해주는 음성 합성 API서비스	lgnore Query String : 콘텐츠가 지정된 도메인에만 제공되며 다른 사이트에서 참조되는 것을 방지
230	108. NCA CDN+ 관련 용어 설명 중 틀린 것은?	서비스도메인 : 서비스에서 콘텐츠 전송 시 사용자에게 노출되는 도메인	Ignore Query String : CDN 서비스가 원본 서버에 요청할 떄 "? id=1234"와 같이 URL에 포함된 GET 파라미터를 제거한 후에 요청	Referrer Domain : 콘텐츠가 지정된 도메인에만 제공되게 하여 다른 사이트에서 참조되는 것을 방지	Cache Expiry : 사용자 요청에 의해 요구되는 콘텐츠를 빠르게 제공하기 위해 캐시 서버에 저장	Cache Expiry : 사용자 요청에 의해 요구되는 콘텐츠를 빠르게 제공하기 위해 캐시 서버에 저장
134	1. Public IP에 대한 설명 중 틀린 것은?	서버당 1개의 Public IP만 부여가 가능하다.	Outbound시에는 NCP NAT IP로 통신한다.	Classic 환경에서는 KR-1 존의 Public IP는 KR-2 존의 서버에 부여가 불가능하다.	서버를 반납해도 Public IP는 반납되지 않는다.	Outbound시에는 NCP NAT IP로 통신한다.
135	2. 다음중 네이버 클라우드 플랫폼에서 제공하는 상품이 아닌 것은 무엇인가요?	Cloud Functions	Container Registry	Outpost	SourcePipeline	Outpost
136	3. 네이버 클라우드 플랫폼에는 다양한 상품들이 카테고리로 그룹화되어 있습니다. "CloudHadoop" 상품은 어떤 카테고리에 속해 있을까요?	Compute	Database	Analytics	AI-Application Service	Analytics
137	4. 다음 중, 사용자가 Agent를 설치해야지만 사용할 수 있는 서비스가 아닌 것은?	Cloud Insight	System Security Checker	CLA	백업 서비스	Cloud Insight
138	5. 현재 네이버 클라우드 플랫폼에서 제공되지 않는 리전은?	홍콩	미국 동부	일본	독일	미국 동부
139	6. 네이버 클라우드 플랫폼에서 제공하고 있지 않은 전문화된 클라우드는 어떤 것인가요?	금융 클라우드	민간 클라우드	공공 클라우드	아카데미 클라우드	아카데미 클라우드
140	7. 다음 중 콘솔에서 서비스를 신청할 수 없는 서비스는?	백업 서비스	서버 이미지 생성	스냅샷 기능	모니터링 서비스	백업 서비스
141	9. 오토스케일링 설정 시 오토 스케일링 그룹(ASG)에서 설정 가능한 내용이 아닌 것은 무엇인가?	오토스케일링으로 생성될 서버의 OS	오토스케일링에서 사용할 Launch Configuration	서버 증가, 감소 정책	일정 설정	오토스케일링으로 생성될 서버의 OS
142	10. 다음이 설명하는 내용은 Auto Scaling의 어떤 항목인가? 새로운 서버가 생성되었다고 해도, Init-Script 실행이나 업데이트 설치 등의 이유로 실제 서비스를 수행할 수 있을 정도로 준비되기까지는 시간이 소요될 수 있습니다. 이것은 실제Scaling이 수행 중이거나 수행 완료된 이후에 모니터링 이벤트 알람이 발생하더라도 무시하도록 설정한 기간입니다.	쿨다운	헬스체크	기대용량	Policy	쿨다운
143	11. Data Teleporter에 대한 설명으로 잘못된 것은?	Data Teleporter 한 대당 100TB의 저장용량을 가지며, 내부적으로 디스크 문제가 최소화될 수 있도록 설계되었습니다.	별도의 요청이 없다면 Data Teleporter는 최초 대여 후 60일 이내에 네이버 클라우드 플랫폼으로 반환되어야 합니다.	Data Teleporter는 고객이 신청한 암호화 키로 256비트 암호화되며, 암호화 키는 장치 내 그 어디에도 저장되지 않습니다.	Linux Server와 Windows Server는 모두 NFS 또는 CIFS 공유 파일시스템으로 연결(mount) 할 수 있습니다.	별도의 요청이 없다면 Data Teleporter는 최초 대여 후 60일 이내에 네이버 클라우드 플랫폼으로 반환되어야 합니다.
144	12. 다음 중, NAS에 대한 설명 중 잘못된 것은?	NAS는 임계치 설정에 따른 이벤트 알림 기능을 제공한다.	NAS는 일정한 스케줄에 따라 자동 스냅샷을 완성한다.	NAS는 리눅스 서버에서 공유 가능한 CIFS 프로토콜을 제공한다.	네이버클라우드플랫폼에서는 NAS 생성 시 마운트포인트 정보를 제공한다.	NAS는 리눅스 서버에서 공유 가능한 CIFS 프로토콜을 제공한다.
145	13. 베어메탈에 대한 설명 중 틀린 것은?	3가지 스펙을 제공하고 있다.	OS로 Oracle Linux도 제공한다.	디스크 구성시 RAID 방식을 선택할 수 있다.	내 서버 이미지, 스냅샷, 추가 스토리지 기능은 제공하지 않는다.	3가지 스펙을 제공하고 있다.
146	14. Bare Metal 서버에 대한 설명 중 틀린 것은?	RAID 1 구성방식만 제공한다.	요금제는 시간 요금제만 제공한다.	Init Script 사용이 가능하다.	Oracle Linux가 제공된다.	RAID 1 구성방식만 제공한다.
147	15. 다음 중, 네이버 클라우드 플랫폼 서버에 스토리지 추가와 관련하여 틀리게 설명한 것은?	Linux의 LVM, Window는 동적디스크 할당을 통해 여러 개의 디스크를 하나의 볼륨으로 묶을 수 있습니다.	서버에 연결된 디스크를 다른 서버로 옮길 수 있습니다.	사용 중인 디스크의 크기가 부족할 경우, 최대 15개의 스토리지를 추가할 수 있습니다.	스토리지 당, 100GB, 500GB, 1TB의 단위의 용량만 추가할 수 있습니다.	스토리지 당, 100GB, 500GB, 1TB의 단위의 용량만 추가할 수 있습니다.
148	17. 다음 스토리지 상품 특징에 대한 설명으로 맞는 것은?	NAS는 10GB, 100GB, 500GB 등 다양한 단위로 스토리지 증가가 가능하다.	Block Storage와 NAS는 모두 공유 가능한 스토리지이다.	NAS는 동적으로 볼륨 사이즈 조정이 가능하고, 자동 스냅샷 및 이벤트 알람 기능을 제공한다.	NAS는 Windows 서버만 이용할 수 있는 스토리지다.	NAS는 동적으로 볼륨 사이즈 조정이 가능하고, 자동 스냅샷 및 이벤트 알람 기능을 제공한다.
150	20. 다음 상품 중 상품 생성 시 CDN을 함께 생성하는 기능이 없는 상품은 무엇인가요?	VOD Transcoder	Image Optimizer	Live Station	VOD Station	VOD Transcoder
151	21. 다음 중 VPC에서 사용 가능한 IP 대역은 무엇인가요?	10.0.0.0/12	172.17.0.0/16	192.168.0.0/8	192.168.1.0/3	172.17.0.0/16
152	22. 네이버 클라우드 플랫폼의 VPC 환경에서 ACG에 대한 설명으로 옳은 것은 무엇인가요?	프로토콜은 TCP, UDP만 지원한다.	Subnet당 100개 생성이 가능하다.	서버와의 맵핑 정보 변경이 가능하다.	Rule에 우선순위가 있다.	서버와의 맵핑 정보 변경이 가능하다.
153	23. Image Optimizer에 대한 설명으로 틀린 것을 고르시오.	이미지 리사이즈 기능을 제공한다.	이미지 크롭 기능을 제공한다.	이미지 자동회전 기능을 제공한다.	이미지 일관 변환 및 저장 기능을 제공한다.	이미지 일관 변환 및 저장 기능을 제공한다.
154	24. 애플리케이션 로드밸런서의 특징으로 틀린 것은 무엇인가요?	HTTP, HTTPS 프로토콜 지원	고정 IP 제공	URL 기반 분기 가능	별도의 설정 없이 Client IP 확인 가능	별도의 설정 없이 Client IP 확인 가능
155	25. NCA네이버 클라우드 플랫폼의 VPC 환경에서 ACG 룰이 적용되는 장치는 무엇인가요?	서버	서버 NIC	IP	Subnet	서버 NIC
156	26. 네이버 클라우드 플랫폼 VPC의 Subnet에 대한 설명으로 틀린 것은 무엇인가요?	Private Subnet과 Public Subnet이 있습니다.	서버들은 Private Subnet과 Public Subnet 모두 위치 시킬 수 있습니다.	공인 IP가 필요한 로드밸런서는 Public Subnet에 위치합니다.	Private Subnet에 있는 서버들은 공인 IP 부여를 할 수 없습니다.	공인 IP가 필요한 로드밸런서는 Public Subnet에 위치합니다.
157	28. 네이버 클라우드 플랫폼 상품 중 Apache Kafka Cluster를 제공하는 서비스 이름은 무엇인가요?	Cloud Data Streaming Service	Cloud Search	Data Analytics Service	Cloud Advisor	Cloud Data Streaming Service
158	29. 네이버 클라우드 플랫폼의 Effective Log Search & Analytics의 로그전송 방법이 아닌것은 무엇인가요?	HTTPS SDK	IOS SDK	SOCK SDK	LOG SDK	SOCK SDK
159	30. Workplace에서 제공되지 않는 기능은 무엇인가요?	결제시스템	인사시스템	스프레드 시트	메신저	스프레드 시트
160	31. 다음 중, Cloud DB for MySQL과 관련하여 잘못된 설명은?	Cloud DB for MySQL은 자동 Fail-over 기능을 제공한다.	Cloud DB for MySQL의 최대 백업 파일 보관은 20일이다.	Cloud DB for MySQL은 최대 10개의 Slave DB를 생성할 수 있다.	Cloud DB for MySQL은 Slave DB로의 읽기 부하분산이 가능하다.	Cloud DB for MySQL의 최대 백업 파일 보관은 20일이다.
161	32. 네이버 클라우드 플랫폼 VPC 환경에서의 ACG에 대한 설명 중 틀린 것은?	아웃바운드에 대한 설정이 가능하다.	접근 허용에 대한 룰을 설정한다.	ACG 하나당 최대 100개의 룰을 적용할 수 있다.	서버는 최대 5개의 ACG를 맵핑할 수 있다.	서버는 최대 5개의 ACG를 맵핑할 수 있다.
162	33. Security Monitoring에서 제공되지 않는 항목은?	IDS	IPS	WAF	침해탐지	침해탐지
163	34. 서버 생성시 init script를 통해 서버를 구성할 수 있습니다. CentOS 7.x버전의 서버를 생성하면서 HTTPD를 설치하도록 init script에 명령어를 입력하고자 하는 경우 올바른명령어는 무엇인가요?	install httpd	yum install httpd	yum install -y httpd	yum install –a httpd	yum install -y httpd
164	35. 마이크로서버에 대한 설명 중 틀린 것은?	Network interface를 만들 수 없다.	1vCPU, 1GB 메모리이다.	OS는 CentOS, Ubuntu, Windows를 지원한다.	결제수단 최초 등록 월부터 1년간 이용요금이 무료이다.	OS는 CentOS, Ubuntu, Windows를 지원한다.
165	37. 다음 기능을 이용하기 위해, 사전에 서버 정지가 필수적인 기능은?	내 서버 이미지	스냅샷	서버 이미지 빌더	서버 반납	서버 반납
166	38. 다음 중 Block Storage에 대한 설명 중 잘못된 것은?	데이터 손실 방지를 최우선으로 설계하여 모든 요소가 이중화 되어 있습니다.	2000GB까지 생성 가능하며, 서버 1대당 10개의 스토리지를 사용할 수 있습니다.	기동 중단이나 성능 저하 없이 탄련적으로 성능 변경이 가능합니다.	HDD/SDD 두 가지 타입으로 제공되며 목적에 맞게 적절한 스토리지 종류를 선택하여 사용할 수 있습니다.	2000GB까지 생성 가능하며, 서버 1대당 10개의 스토리지를 사용할 수 있습니다.
167	39. 네이버 클라우드 플랫폼에서 제공하는 GPU 카드는?	P40	T4	V100	P40, T4, V100 모두 제공	P40, T4, V100 모두 제공
168	40. 네이버 클라우드 플랫폼 서버에 스토리지 추가를 할 경우 단일 추가 스토리지당 최대 용량은 얼마인가요?	1TB	2TB	3TB	4TB	2TB
169	41. 네이버 클라우드 플랫폼에 서버를 생성하고 네트워크 구성을 하였을 때, 그에 대한 설명으로 틀린 것은 무엇인가요?	서버는 기본적으로 10.xxx / 172.16xx / 192.168.xx 대역 중 하나의 사설 IP를 부여받을 수 있다.	서버의 사설망 네트워크 대역은 최소 /28부터 최대 /16 범위까지 설정 가능하다.	Public IP를 연결하면 서버에서 ifconfig/ipconfig 명령어를 칠 시 Public IP가 보인다.	서버는 기본적으로 1Gps 대역폭의 인터페이스를 생성한다.	Public IP를 연결하면 서버에서 ifconfig/ipconfig 명령어를 칠 시 Public IP가 보인다.
170	42. 다음 상품 중 Media 카테고리 상품이 아닌 것은 무엇인가요?	Live Station	VOD Station	VOD Transcoder	Elastic Transcoder	Elastic Transcoder
171	43. Load Balancer 상품에 대한 설명 중 잘못된 것은?	Classic 플랫폼에서의 헬스체크 주기는 6초이다.	Classic 플랫폼에서는 3번 응답이 없는 경우 Unbind한다.	VPC 플랫폼에서 한 대의 서버는 여러 Target Group에 포함될 수 없다.	VPC 플랫폼에서는 Target Group에서 헬스체크 주기를 수정할 수 있다.	VPC 플랫폼에서 한 대의 서버는 여러 Target Group에 포함될 수 없다.
172	44. 네이버 클라우드 플랫폼 VPC의 NACL에 대한 설명으로 틀린 것은?	Subnet 단위로 적용된다.	Allow Deny 규칙 모두 지원한다.	Stateful 방식이다.	우선순위에 따라 규칙을 반영한다.	Stateful 방식이다.
173	45. Load Balancer로 연결 가능한 프로토콜이 아닌 것은 무엇인가요?	TCP	UDP	HTTPS	SSL	UDP
174	46. VPC 환경에서 Load Balancer를 생성하려고 합니다. Target Group의 디폴트 포트 헬스체크 주기는 얼마인가요?	6초	10초	30초	1분	30초
175	48. 네이버 클라우드 플랫폼 로드밸런서에서 제공되지 않는 로드 분배 알고리즘은?	Round Robin	Weighted Round Robin	Least Connection	Source IP Hash	Weighted Round Robin
176	51. 네이버 클라우드 플랫폼 VPC의 Private Subnet에 대한 설명으로 틀린 것은 무엇인가요?	Private Subnet에 있는 서버들은 공인 IP 부여를 할 수 없습니다.	Private Subnet에 있는 서버들은 Internet Gateway를 통해 외부 인터넷으로 나갈 수 있습니다.	네이버 클라우드 플랫폼의 일부 상품들은 기본적으로 Public Subnet에 위치해야 합니다.	Private Subnet을 Public Subnet으로 전환할 수 없습니다.	Private Subnet에 있는 서버들은 Internet Gateway를 통해 외부 인터넷으로 나갈 수 있습니다.
177	52. 네이버 클라우드 플랫폼에서 하나의 계정으로 만들 수 있는 최대 VPC 갯수는 몇 개인가요?	1개	2개	3개	4개	3개
178	53. 네이버 클라우드 플랫폼 Block Storage에서 제공하는 기능이 아닌 것은?	Detach / Attach 기능	Snapshot 기능	Disk 용량 증설	Disk 용량 축소	Disk 용량 축소
179	54. Auto Scaling 구성 시 설정할 수 있는 항목이 아닌 것은?	NAS	ACG	Load Balancer	VPC / Subnet	NAS
180	55. 네이버 클라우드 플랫폼의 VPC 환경에서 제공하는 로드밸런서 중 세션 유지가 필요한 TCP 기반 애플리케이션에 이용할 수 있는 로드밸런서는 무엇인가요?	애플리케이션 로드밸런서	네트워크 로드밸런서	네트워크 프록시 로드밸런서	애플리케이션 프록시 로드밸런서	네트워크 프록시 로드밸런서
181	56. System Security Checker에서 Linux 서버의 점검 항목이 아닌 것은?	UMASK 설정관리	Guest 계정 사용 제한	홈 디렉토리 권한 설정	Anonymous FTP 비활성화	Guest 계정 사용 제한
182	57. 네이버 클라우드 플랫폼 CLI를 이용하고자 할 때 사용하는 명령어는 무엇인가요?	Ncpcli	Ncloud	Ncloudcli	Ncli	Ncloud
183	58. 다음 중 클라우드의 특징에 대해 잘못 설명한 것은 무엇인가요?	동일한 네트웍 사용량을 기준으로 보면 Legacy 인프라보다 클라우드가 저렴하다.	Scale-In/Out이 Legacy 인프라보다 자유롭다.	요금은 사용량에 따른 종량제를 기본으로 하지만 상품에 따라 정액제 요금도 존재한다.	사용할 수 있는 서버 OS가 제한한다.	동일한 네트웍 사용량을 기준으로 보면 Legacy 인프라보다 클라우드가 저렴하다.
184	59. 네이버 클라우드 플랫폼에는 다양한 상품들이 카테고리로 그룹화되어있습니다. "VMware on Ncloud" 상품은 어떤 카테고리에 속해 있을까요?	Compute	Server	Management	Hybrid & Private Cloud	Hybrid & Private Cloud
185	60. 다음 중 네이버 클라우드 플랫폼의 Live Station의 특징이 아닌 것은?	방송 서비스 구현에 꼭 필요한 Thumbnail image를 추출하고 직접 관리할 수 있습니다.	Live Station 생성 시 CDN을 동시에 생성할 수 없기에 별도로 생성 후 따로 연동해줘야 합니다.	Live Station은 사용자가 라이브 방송 도중 일시정지를 하고 다시 재생이 가능하도록 타임머신(Time Shift)기능을 제공합니다.	라이브 방송 종료 후, 녹화 영상을 저장할 수 있습니다.	Live Station 생성 시 CDN을 동시에 생성할 수 없기에 별도로 생성 후 따로 연동해줘야 합니다.
186	61. 네이버 클라우드 플랫폼 CDN+에 대한 설명 중 틀린 것은?	사용량에 따라 요금이 다르다.	요금은 일 평균 전송량 X 일 수로 계산된다.	월 전송량 요금에 월 요청 수 요금이 합산되어 진다.	CDN+와 GCDN은 요금 체계가 다르다.	요금은 일 평균 전송량 X 일 수로 계산된다.
188	63. 네이버 클라우드 플랫폼 App Safer에서 앱 실행 환경 탐지가 가능한 부분이 아닌 것은?	루팅 탐지	애플리케이션 변조 탐지	메모리 변조 탐지	APK 추출 탐지	APK 추출 탐지
190	65. 네이버 클라우드 플랫폼에서는 다양한 소통 채널을 통해 사용자와 소통을 진행하고 있습니다. 현재 네이버 클라우드 플랫폼에서 운영하고 있지 않은 채널은 무엇인가요?	블로그	유튜브	페이스북	트위터	트위터
191	66. Cloud Log Analytics에 저장할 수 있는 최대 로그 용량은?	100GB	200GB	300GB	사용자가 설정할 수 있다.	100GB
192	67. Outbound Mailer에서 메일 제목과 본문에서 스프레드 시트나 DB의열 데이터를 순차적으로 입력하기 위한 기능은?	변수 치환	대량 변수 입력	치환 태그	DM 입력	치환 태그
193	68. Cloud Log Analytics의 최대 저장 기간은?	30일	120일	180일	사용자가 설정할 수 있다.	30일
194	69. 네이버 클라우드 플랫폼 챗봇 서비스와 채널 연동되는 서비스가 아닌 것은?	라인	톡톡	페이스북	트위터	트위터
195	70. 네이버 클라우드 플랫폼 AI 서비스에서 제공하지 않는 상품은?	Clova OCR	Clova Image Recognition	Clova Voice	Clova Face Recognition	Clova Image Recognition
196	71. 클라우드는 기존 Legacy와 비교하여 다양한 장점이 있습니다. 아래 보기 중 클라우드 장점이 아닌 것은?	동일한 성능의 서버를 비교하였을 때 Legacy보다 클라우드가 비용 경쟁력이 높다.	서버 구성 시 짧은 시간 내에 구성이 가능하다.	기본적인 보안 장비 및 네트웍이 구성되어 있다.	오토스케일링 플랫폼과 같이 비용 효율적인 상품들이 준비되어 있다.	동일한 성능의 서버를 비교하였을 때 Legacy보다 클라우드가 비용 경쟁력이 높다.
197	72. 네이버 클라우드 플랫폼에서 제공하지 않는 OS는?	CentOS	Oracle Linux	Debian	Ubuntu	Debian
198	73. VPC 플랫폼에서 서버 정지 시 요금 할인이 적용되지 않는 서버 타입은?	Standard	High-CPU	High-Memory	GPU	GPU
199	74. 네이버 클라우드 플랫폼에서 제공하는 시스템 로그 분석 서비스는?	RUA	CLA	ELSA	SENS	CLA
200	75. 오토스케일링을 구성하고자 할 때 오토스케일링 그룹(ASG)을 구성하여야 한다. 오토스케일링 그룹에 대한 설명으로 틀린 것은?	하나의 그룹에서 생성 가능한 최대 서버 대수는 30대이다.	기대 용량은 최소 용량보다 크거나 같아야 한다.	헬스체크 유형에는 서버. 네트워크 트래픽, 로드밸런서가 있다.	하나의 ASG에는 최대 10개의 로드밸런서를 연결할 수 있다.	헬스체크 유형에는 서버. 네트워크 트래픽, 로드밸런서가 있다.
201	77. 오토스케일링의 Launch Configuration 구성 시 구성 가능한 항목이 아닌 것을 고르시오.	생성될 서버의 OS	사전에 만들어놓은 내 서버 이미지	Init Script	로드밸런서	로드밸런서
202	78. 서버 생성시 init script를 통해 서버를 구성할 수 있습니다. CentOS 7.x버전의 서버를 생성하면서 HTTPD를 설치한 후, HTTPD가 자동으로 가동되도록 init script에 명령어를 입력하고자 하는 경우 올바른 명령어는 무엇인가요?	systemctl start httpd	chkconfig start httpd	systemctl enable httpd	chkconfig on httpd	systemctl enable httpd
203	79. 백업 상품 신청서 작성 시 필요한 정보가 아닌 것은?	백업 받을 서버의 호스트명	백업 받을 서버의 비공인 IP	백업 프로세스의 CPU 사용량 제한 여부	데이터 사이즈	백업 프로세스의 CPU 사용량 제한 여부
204	81. 서버 패스워드에 대한 설명 중 틀린 것은?	초기 패스워드는 서버 생성 시 생성한 인증키를 가지고 확인할 수 있다.	서버에서 패스워드를 변경 후 패스워드를 까먹은 경우 기존에 생성한 인증키를 통해 패스워드를 확인할 수 있다.	서버 생성 시 생성한 인증키는 다른 인증키로 교체할 수 있다.	서버 초기 패스워드는 복잡한 문자열로 부여한다.	서버에서 패스워드를 변경 후 패스워드를 까먹은 경우 기존에 생성한 인증키를 통해 패스워드를 확인할 수 있다.
205	82. SSD 스토리지의 크기가 400GB일 때 MAX IOPS는 얼마인가?	2000	8000	16000	20000	16000
206	84. 서버 생성 시 선택 가능한 스토리지 종류에 대한 설명 중 틀린 것은?	SSD 타입은 저장장치가 SSD인 디스크이다.	HDD 타입은 저장장치가 SATA인 디스크이다.	서버 타입에 따라 NVMe 디스크를 사용할 수 있다.	SSD 타입은 MAS IOPS가 지정된다	HDD 타입은 저장장치가 SATA인 디스크이다.
207	85. VPC 환경 / Classic 2세대 서버의 High CPU 서버 스펙 중 생성 가능한 서버 스펙은 무엇인가요?	vCPU 4개, RAM 8GB	vCPU 8개, RAM 8GB	vCPU 2개, RAM 8GB	vCPU 16개, RAM 128GB	vCPU 4개, RAM 8GB
208	86. VPC 환경에서 사용 중인 VM에 ACG 관리 작업으로 맞는 것을 고르시오.	VM 기동 중에는 ACG 변경이 불가능하므로 VM을 정지시킨 후 ACG를 변경한다.	ACG는 서버 NIC에 매핑된다.	하나의 서버는 최대 2개의 ACG와 매핑될 수 있다.	ACG는 VM당 1개만 선택할 수 있으므로 타 VM과 공유하여 사용하지 않는 것이 좋다.	ACG는 서버 NIC에 매핑된다.
209	87. Linux용 Init Script로 생성 불가능한 스크립트 언어는?	bash	perl	python	php	php
210	88. Bare-Metal 서버 기능 설명으로 맞는 것은?	스토리지 RAID 설정은 RAID 1, RAID 1+0을 제공한다.	운영체제로 Oracle Linux를 지원한다.	로컬 디스크 추가가 가능하다.	서버 정지 시에는 스토리지 사용 요금만 과금한다.	운영체제로 Oracle Linux를 지원한다.
189	64. VPC 플랫폼 상의 상품 의존성 관계를 [상품 : 의존성] 형태로 나타냈을 때, 올바르지 않은 관계는?	VPC : 리전	Subnet : Zone	Init Script : Zone	Cloud DB : Multi Zone	Init Script : Zone
211	89. Object Storage에 대한 설명 중 틀린 것은?	파일 단위의 데이터 저장, 공유, 배포가 가능하여 콘텐츠를 저장하고, 다른 사용자에게공유하거나 배포할 수 있습니다.	대용량 데이터의 저장소로 활용할 수 있습니다.	네이버 클라우드 플랫폼 사용자가 아닌 외부 사용자에게 파일 접근 권한을 제공하기 위해서는 반드시 "폴더 공개하기" 기능을 사용해야 합니다.	CDN 상품과 연동하여 사용할 수 있습니다.	네이버 클라우드 플랫폼 사용자가 아닌 외부 사용자에게 파일 접근 권한을 제공하기 위해서는 반드시 "폴더 공개하기" 기능을 사용해야 합니다.
212	90. 서버 스토리지에 대한 설명으로 맞는 것은?	부팅 스토리지가 HDD인 경우, 추가 스토리지로 HDD만 추가할 수 있다.	VM이 운영 중인 상태에서도 Disk 변경이 가능하다.	디스크의 사이즈를 기존보다 크게만 변경이 가능하다.	High-Memory, Bare-Metal 서버의 경우 스토리지 추가가 지원되지 않는다.	디스크의 사이즈를 기존보다 크게만 변경이 가능하다.
213	91. 백업 서비스 설명 중 틀린 것은?	보관 주기는 백업 주기의 최소 2배 이상이 되어야 합니다.	증분 백업은 전체 백업 이후 백업 디렉토리 내 변경된 데이터만 백업하는 방식이다.	백업된 데이터는 최소 1주부터 50주까지 보관이 가능합니다.	전체 백업은 백업 디렉토리의 모든 데이터를 백업합니다.	백업된 데이터는 최소 1주부터 50주까지 보관이 가능합니다.
214	92. 네이버 클라우드 플랫폼 백업 상품의 경우, 백업 데이터 보관 기간으로 알맞은 것은?	최소 1일부터 최대 4주	최소 7일부터 최대 52주	최소 15일부터 최대 36주	최소 30일부터 최대 1년	최소 7일부터 최대 52주
215	93. 다음 상품 중 Networking 카테고리 상품이 아닌 것은 무엇인가요?	IPSec VPN	Load Balancer	NAT Gateway	Auto Scaling	Auto Scaling
216	94. 다음 중 VPC에서 사용할 수 없는 IP 대역은 무엇인가요?	10.0.0.0/16	192.168.0.0/24	172.16.0.0/16	172.255.0.0/24	172.255.0.0/24
217	95. Classic 환경에서 서버에 부착된 하나의 NIC에 두 개 이상의 IP를 부여하였을 때 발생할수 있는 상황은?	기존 IP로는 통신이 되나 추가된 IP로 통신이 되지 않는다.	추가된 IP 뿐만 아니라 기존 IP도 통신이 되지 않는다.	서버가 강제 정지된다.	기존 IP는 통신이 안되고 추가된 IP로만 통신이 된다.	추가된 IP 뿐만 아니라 기존 IP도 통신이 되지 않는다.
218	96. VOD Transcoder에 대한 설명 중 틀린 것은?	Preser은 1~5까지 설정 가능하다.	Codec는 H.264만 지원한다.	Thumbnail를 자동 생성한다.	Output 경로는 File Storage와 Object Storage에 저장할 수 있다.	Thumbnail를 자동 생성한다.
219	97. 다음 중 VPC에서 사용할 수 없는 IP 대역은 무엇인가요?	10.0.0.0/8	192.168.1.0/16	172.16.0.0/24	192.168.0.0/24	10.0.0.0/8
220	98. VPC 환경에서는 다양한 방식의 로드밸런서를 제공하고 있습니다. 네이버 클라우드 플랫폼에서 제공하고 있지 않은 로드밸런서 방식은 무엇인가요?	애플리케이션 로드밸런서	네트워크 로드밸런서	네트워크 프록시 로드밸런서	애플리케이션 프록시 로드밸런서	애플리케이션 프록시 로드밸런서
221	99. 다음 중 CDN+ 설명 중 틀린 것은?	CDN+는 HTTP/HTTPS 프로토콜을 통해 다양한 원본 서버와의 콘텐츠 연동을 지원합니다.	원본 서버로 고객이 보유 중인 다양한 웹 서버 및 네이버 클라우드 플랫폼의 Storage,Server를 선택할 수 있습니다.	HTTPS로 웹 서비스를 제공하는 경우 콘텐츠가 HTTP로 호출되면 서비스가 불가능합니다.	레퍼러로 등록된 도메인 기준 접근 허용 기능을 제공합니다.	HTTPS로 웹 서비스를 제공하는 경우 콘텐츠가 HTTP로 호출되면 서비스가 불가능합니다.
222	100. 다음에서 설명하는 기능은 어떤 상품을 설명하는 것일까요? 방화벽과 같이 ACL을 설정하는 외부의 네트웍과 연결시 네이버 클라우드 플랫폼내에 있는 다수의 서버들이 하나의 공인 IP로 해당 외부 네트웍에 접근할 수 있게해주며, Private Subnet에서 외부 인터넷으로 연결이 필요할 때 필수적인 상품	Load Balancer	IPSec VPN	NAT Gateway	API Gateway	NAT Gateway
223	101. 네트워크 로드밸런서의 특징으로 틀린 것은 무엇인가요?	별도의 설정 없이 Client IP 확인이 가능하다.	분배 알고리즘은 Source IP Hash와 Round Robin 방식만 제공한다.	로드밸런서를 사용하기 위해 서버에 별도의 설정이 필요하다.	HTTP, HTTPS 프로토콜을 지원하지 않는다.	로드밸런서를 사용하기 위해 서버에 별도의 설정이 필요하다.
224	102. VPC 환경에서 서버를 한 대 생성하였다. 서버 Network Interface에 대한 설명 중 맞는것은?	서버 Network Interface는 최대 3개까지 만들 수 있다.	Network Interface 하나에 여러 개의 IP를 부여할 수 있다.	NIC에는 해당 서버를 처음 생성할 때 선택한 Subnet 범위의 IP만 할당할 수 있다.	원하는 사설IP 설정은 불가능하며, DHCP로 자동 할당만 가능하다.	서버 Network Interface는 최대 3개까지 만들 수 있다.
225	103. 네이버 클라우드 플랫폼 Classic 환경의 로드밸런서와 유사한 VPC 환경에서의 로드밸런서는 어떤 방식인가요?	애플리케이션 로드밸런서	네트워크 로드밸런서	네트워크 프록시 로드밸런서	애플리케이션 프록시 로드밸런서	네트워크 프록시 로드밸런서
226	104. 하나의 VPC에 ACG를 최대 몇 개까지 생성 가능한가요?	5개	100개	300개	500개	500개
227	105. 네이버 클라우드 플랫폼의 VPC 환경에서 ACG에 대한 설명으로 틀린 것은?	서버와 연결되어 있는 맵핑 정보를 변경할 수 있다.	VPC에 의존적이다.	White List 방식의 방화벽이다.	Inbound에 대해서만 룰 적용이 가능하다.	Inbound에 대해서만 룰 적용이 가능하다.
228	106. 네이버 클라우드 플랫폼 VPC 환경의 로드밸런서 상품의 설명 중 틀린 것은?	22번 포트도 로드밸런싱할 수 있다.	VPC 환경에서는 3가지의 로드밸런서가 제공된다.	부하처리 성능에 따라 Small/Medium/Large 중 스펙을 선택할 수있다.	Proxy 방식의 로드밸런서를 사용하면, 별도의 설정없인 클라이언트의 IP를 확인할 수 없다.	Proxy 방식의 로드밸런서를 사용하면, 별도의 설정없인 클라이언트의 IP를 확인할 수 없다.
229	107. 라이브 스트리밍 서비스를 진행하는데 필요한 모든 Back-end 기능을 지원하며, NAVER Cloud Platform CDN 연동을 통해 원활한 라이브 진행을 할 수 있는 상품은?	Clova Face Recognition	Live Station	VOD Transcoder	Image Optimizer	Live Station
231	109. 비공인 IP를 가진 다수의 서버에게 대표 공인 IP를 이용하여 외부 접속이 가능하게 해주는 상품은?	API Gateway	IP Gateway	NAT Gateway	Global Route Manager	NAT Gateway
232	110. VPC는 하나의 독립된 네트웍을 구성하게 됩니다. 따라서 VPC를 다수 생성하게 되면 VPC간 통신은 되지 않는데 VPC간 통신을 가능하게 해주는 서비스는 무엇인가요?	Private Subnet	Public Subnet	VPC Peering	Route Table	VPC Peering
233	111. 네이버 클라우드 플랫폼 NAS에 대한 설명 중 틀린 것은?	볼륨은 최소 500GB에서 최대 10TB까지이다.	볼륨 크기에 따라 IOPS가 달라진다.	볼륨의 확장 축소는 100GB 단위로 가능하다.	볼륨 개수는 계정 당 20개로 제한된다.	볼륨 개수는 계정 당 20개로 제한된다.
234	112. 오브젝트 스토리지의 설명 중 맞는 것은?	오브젝트 스토리지는 2개의 인증키 사용이 가능합니다.	생성된 버킷 이름은 변경할 수 있습니다.	파일에 대한 공개 여부는 개별 파일에서 설정합니다.	네이버 클라우드 플랫폼의 다른 계정에 공유할 수 없습니다.	파일에 대한 공개 여부는 개별 파일에서 설정합니다.
235	113. 다음 중 클라우드의 비용과 관련이 가장 높은 개념은 무엇인가요?	TCO (총 소요 비용)	ROI (투자 자본 수익률)	CAPEX (자본적 지출)	OPEX (운영 비용)	OPEX (운영 비용)
236	114. Cloud DB 상품에서 제공하고 있지 않은 DBMS는?	Oracle	MS-SQL	MySQL	Redis	Oracle
237	115. 네이버 클라우드 플랫폼의 보안 상품 중 없는 상품은?	App Safer	Web Safer	File Safer	Site Safer	Web Safer
238	116. 네이버 클라우드 플랫폼의 GPU 상품에 대한 설명 중 틀린 것은?	최대 12개의 GPU를 하나의 VM에 할당할 수 있다.	서버를 정지시켜도 요금이 발생한다.	Linux OS를 지원한다.	T4, V100 등의 GPU 카드가 제공된다.	최대 12개의 GPU를 하나의 VM에 할당할 수 있다.
239	117. 다음 중 오브젝트 스토리지 설명 중 틀린 것은?	버킷 공개하기는 버킷 안의 폴더 및 파일 정보 조회 및 업로드가 가능하다.	파일 공개하기는 파일 정보 조회 및 다운로드/업로드가 가능하다.	버킷 권한은 목록 조회, 업로드, ACL 조회, ACL 수정이 가능하다.	파일 권한은 다운로드, ACL 조회, ACL 수정이 가능하다.	파일 공개하기는 파일 정보 조회 및 다운로드/업로드가 가능하다.
240	118. 네이버 클라우드 플랫폼 VPC 환경에서 제공되는 GPU 서버의 특징으로 틀린 것은?	NVDIAT4, V100 이용이 가능하다.	서버 1대당 꽂을 수 있는 T4의 최대 개수는 2개이다.	서버 1대당 꽂을 수 있는 V100의 최대 개수는 4개이다.	Grid 기술을 사용할 수 있다.	Grid 기술을 사용할 수 있다.
241	119. NAS 상품 설명 중 틀린 것은?	자체 스냅샷 기능이 제공된다.	Linux Server와 Windows Server 모두 NAS를 마운트할 수 있습니다.	NAS 볼륨은 네이버 클라우드 플랫폼 인프라 내에 있는 서버에서만 마운트 가능합니다.	NAS는 용량 한도 없이 사용할 수 있다.	NAS는 용량 한도 없이 사용할 수 있다.
242	120. 다음 중 Global Route Manager의 로드밸런싱 타입이 아닌 것은?	Weighted	Round Robin	Geolocation	Source IP Hash	Source IP Hash
243	121. 내 서버 이미지에 대한 설명으로 틀린 것은?	내 서버 이미지가 생성되는 동안 서버는 일시적으로 '복제중' 상태이나 서버는 정상적으로 운영된다.	내 서버 이미지를 다른 리전으로 복제할 수 있다.	내 서버 이미지는 오토스케일링의 Launch Configuration에서도 이용이 가능하다.	내 서버 이미지를 이용해 서버를 생성할 때, 원본 서버의 부팅스토리지 종류와 동일하게 생성된다.	내 서버 이미지를 이용해 서버를 생성할 때, 원본 서버의 부팅스토리지 종류와 동일하게 생성된다.
244	122. 네이버클라우드플랫폼에서 제공하는 GPU 서버는 VM에 최대 몇 개의 GPU를 제공할 수 있는지 올바른 답을 고르시오.	1개	2개	4개	그래픽카드 종류마다 장착할 수 있는 개수가 다르다.	4개
245	123. 네이버 클라우드 플랫폼의 VPC 환경에서 서버 NIC 하나에 적용할 수 있는 ACG의 개수는?	2개	3개	4개	5개	3개
246	49. 네이버 클라우드 플랫폼 VPC 환경에서 제공하는 로드밸런서 중 SSL인증을 지원하는 로드밸런서는 무엇인가요?	애플리케이션 로드밸런서	네트워크 로드밸런서	하이브리드 로드밸런서	애플리케이션 프록시 로드밸런서	애플리케이션 로드밸런서
247	50. 다음 로드밸런서 관련 설명 중 틀린 것은?	HTTP Keep-Alive : 연결된 Connection을 일정시간 동안 유지하면서 다시 연결을 요청할 때 기존에 연결된 Connection을 재사용하는 옵션	Connection ilde Timeout : 로드밸런서와 연결된 Connection을 유지하는 시간으로 해당시간이 지나면 Connection이 강제로 Close되어 연결 해제	Proxy Protocol : 로드밸런서에서 TCP, SSL 프로토콜 이용 시, Proxy 환경에서Connection을 요청하는 클라이언트의 IP 주소를 확인할 수 있는 프로토콜	로드밸런서에서 발급된 CNAME을 고객이 보유한 CNAME과 ROOT DOMAIN에 등록가능	로드밸런서에서 발급된 CNAME을 고객이 보유한 CNAME과 ROOT DOMAIN에 등록가능
248	76. VPC 환경 / Classic 2세대 서버의 스펙 중 생성 불가능한 서버 스펙은 무엇인가요?	vCPU 4개, RAM 8GB	vCPU 8개, RAM 8GB	vCPU 2개, RAM 8GB	vCPU 16개, RAM 128GB	vCPU 8개, RAM 8GB
249	80. VPC 환경 / Classic 2세대 서버의 Standard 서버 스펙 중 생성 가능한 서버 스펙은 무엇인가요?	vCPU 2개, RAM 8GB	vCPU 2개, RAM 4GB	vCPU 2개, RAM 16GB	vCPU 4개, RAM 4GB	vCPU 2개, RAM 8GB
250	83. VPC 환경 / Classic 2세대 서버의 High Memory 서버 스펙 중 생성 가능한 서버 스펙은 무엇인가요?	vCPU 4개, RAM 8GB	vCPU 8개, RAM 8GB	vCPU 2개, RAM 8GB	vCPU 16개, RAM 128GB	vCPU 16개, RAM 128GB
\.


--
-- Name: auth_group_id_seq; Type: SEQUENCE SET; Schema: public; Owner: moon
--

SELECT pg_catalog.setval('public.auth_group_id_seq', 1, false);


--
-- Name: auth_group_permissions_id_seq; Type: SEQUENCE SET; Schema: public; Owner: moon
--

SELECT pg_catalog.setval('public.auth_group_permissions_id_seq', 1, false);


--
-- Name: auth_permission_id_seq; Type: SEQUENCE SET; Schema: public; Owner: moon
--

SELECT pg_catalog.setval('public.auth_permission_id_seq', 60, true);


--
-- Name: auth_user_groups_id_seq; Type: SEQUENCE SET; Schema: public; Owner: moon
--

SELECT pg_catalog.setval('public.auth_user_groups_id_seq', 1, false);


--
-- Name: auth_user_id_seq; Type: SEQUENCE SET; Schema: public; Owner: moon
--

SELECT pg_catalog.setval('public.auth_user_id_seq', 1, true);


--
-- Name: auth_user_user_permissions_id_seq; Type: SEQUENCE SET; Schema: public; Owner: moon
--

SELECT pg_catalog.setval('public.auth_user_user_permissions_id_seq', 1, false);


--
-- Name: django_admin_log_id_seq; Type: SEQUENCE SET; Schema: public; Owner: moon
--

SELECT pg_catalog.setval('public.django_admin_log_id_seq', 537, true);


--
-- Name: django_content_type_id_seq; Type: SEQUENCE SET; Schema: public; Owner: moon
--

SELECT pg_catalog.setval('public.django_content_type_id_seq', 11, true);


--
-- Name: django_migrations_id_seq; Type: SEQUENCE SET; Schema: public; Owner: moon
--

SELECT pg_catalog.setval('public.django_migrations_id_seq', 22, true);


--
-- Name: linux_table12_id_seq; Type: SEQUENCE SET; Schema: public; Owner: moon
--

SELECT pg_catalog.setval('public.linux_table12_id_seq', 200, true);


--
-- Name: linux_table13_id_seq; Type: SEQUENCE SET; Schema: public; Owner: moon
--

SELECT pg_catalog.setval('public.linux_table13_id_seq', 200, true);


--
-- Name: linux_table14_id_seq; Type: SEQUENCE SET; Schema: public; Owner: moon
--

SELECT pg_catalog.setval('public.linux_table14_id_seq', 200, true);


--
-- Name: linux_table15_id_seq; Type: SEQUENCE SET; Schema: public; Owner: moon
--

SELECT pg_catalog.setval('public.linux_table15_id_seq', 200, true);


--
-- Name: nca_nca_id_seq; Type: SEQUENCE SET; Schema: public; Owner: moon
--

SELECT pg_catalog.setval('public.nca_nca_id_seq', 250, true);


--
-- Name: auth_group auth_group_name_key; Type: CONSTRAINT; Schema: public; Owner: moon
--

ALTER TABLE ONLY public.auth_group
    ADD CONSTRAINT auth_group_name_key UNIQUE (name);


--
-- Name: auth_group_permissions auth_group_permissions_group_id_permission_id_0cd325b0_uniq; Type: CONSTRAINT; Schema: public; Owner: moon
--

ALTER TABLE ONLY public.auth_group_permissions
    ADD CONSTRAINT auth_group_permissions_group_id_permission_id_0cd325b0_uniq UNIQUE (group_id, permission_id);


--
-- Name: auth_group_permissions auth_group_permissions_pkey; Type: CONSTRAINT; Schema: public; Owner: moon
--

ALTER TABLE ONLY public.auth_group_permissions
    ADD CONSTRAINT auth_group_permissions_pkey PRIMARY KEY (id);


--
-- Name: auth_group auth_group_pkey; Type: CONSTRAINT; Schema: public; Owner: moon
--

ALTER TABLE ONLY public.auth_group
    ADD CONSTRAINT auth_group_pkey PRIMARY KEY (id);


--
-- Name: auth_permission auth_permission_content_type_id_codename_01ab375a_uniq; Type: CONSTRAINT; Schema: public; Owner: moon
--

ALTER TABLE ONLY public.auth_permission
    ADD CONSTRAINT auth_permission_content_type_id_codename_01ab375a_uniq UNIQUE (content_type_id, codename);


--
-- Name: auth_permission auth_permission_pkey; Type: CONSTRAINT; Schema: public; Owner: moon
--

ALTER TABLE ONLY public.auth_permission
    ADD CONSTRAINT auth_permission_pkey PRIMARY KEY (id);


--
-- Name: auth_user_groups auth_user_groups_pkey; Type: CONSTRAINT; Schema: public; Owner: moon
--

ALTER TABLE ONLY public.auth_user_groups
    ADD CONSTRAINT auth_user_groups_pkey PRIMARY KEY (id);


--
-- Name: auth_user_groups auth_user_groups_user_id_group_id_94350c0c_uniq; Type: CONSTRAINT; Schema: public; Owner: moon
--

ALTER TABLE ONLY public.auth_user_groups
    ADD CONSTRAINT auth_user_groups_user_id_group_id_94350c0c_uniq UNIQUE (user_id, group_id);


--
-- Name: auth_user auth_user_pkey; Type: CONSTRAINT; Schema: public; Owner: moon
--

ALTER TABLE ONLY public.auth_user
    ADD CONSTRAINT auth_user_pkey PRIMARY KEY (id);


--
-- Name: auth_user_user_permissions auth_user_user_permissions_pkey; Type: CONSTRAINT; Schema: public; Owner: moon
--

ALTER TABLE ONLY public.auth_user_user_permissions
    ADD CONSTRAINT auth_user_user_permissions_pkey PRIMARY KEY (id);


--
-- Name: auth_user_user_permissions auth_user_user_permissions_user_id_permission_id_14a6b632_uniq; Type: CONSTRAINT; Schema: public; Owner: moon
--

ALTER TABLE ONLY public.auth_user_user_permissions
    ADD CONSTRAINT auth_user_user_permissions_user_id_permission_id_14a6b632_uniq UNIQUE (user_id, permission_id);


--
-- Name: auth_user auth_user_username_key; Type: CONSTRAINT; Schema: public; Owner: moon
--

ALTER TABLE ONLY public.auth_user
    ADD CONSTRAINT auth_user_username_key UNIQUE (username);


--
-- Name: django_admin_log django_admin_log_pkey; Type: CONSTRAINT; Schema: public; Owner: moon
--

ALTER TABLE ONLY public.django_admin_log
    ADD CONSTRAINT django_admin_log_pkey PRIMARY KEY (id);


--
-- Name: django_content_type django_content_type_app_label_model_76bd3d3b_uniq; Type: CONSTRAINT; Schema: public; Owner: moon
--

ALTER TABLE ONLY public.django_content_type
    ADD CONSTRAINT django_content_type_app_label_model_76bd3d3b_uniq UNIQUE (app_label, model);


--
-- Name: django_content_type django_content_type_pkey; Type: CONSTRAINT; Schema: public; Owner: moon
--

ALTER TABLE ONLY public.django_content_type
    ADD CONSTRAINT django_content_type_pkey PRIMARY KEY (id);


--
-- Name: django_migrations django_migrations_pkey; Type: CONSTRAINT; Schema: public; Owner: moon
--

ALTER TABLE ONLY public.django_migrations
    ADD CONSTRAINT django_migrations_pkey PRIMARY KEY (id);


--
-- Name: django_session django_session_pkey; Type: CONSTRAINT; Schema: public; Owner: moon
--

ALTER TABLE ONLY public.django_session
    ADD CONSTRAINT django_session_pkey PRIMARY KEY (session_key);


--
-- Name: linux_pdf3 linux_table12_pkey; Type: CONSTRAINT; Schema: public; Owner: moon
--

ALTER TABLE ONLY public.linux_pdf3
    ADD CONSTRAINT linux_table12_pkey PRIMARY KEY (id);


--
-- Name: linux_pdf1 linux_table13_pkey; Type: CONSTRAINT; Schema: public; Owner: moon
--

ALTER TABLE ONLY public.linux_pdf1
    ADD CONSTRAINT linux_table13_pkey PRIMARY KEY (id);


--
-- Name: linux_pdf4 linux_table14_pkey; Type: CONSTRAINT; Schema: public; Owner: moon
--

ALTER TABLE ONLY public.linux_pdf4
    ADD CONSTRAINT linux_table14_pkey PRIMARY KEY (id);


--
-- Name: linux_pdf2 linux_table15_pkey; Type: CONSTRAINT; Schema: public; Owner: moon
--

ALTER TABLE ONLY public.linux_pdf2
    ADD CONSTRAINT linux_table15_pkey PRIMARY KEY (id);


--
-- Name: nca_nca nca_nca_pkey; Type: CONSTRAINT; Schema: public; Owner: moon
--

ALTER TABLE ONLY public.nca_nca
    ADD CONSTRAINT nca_nca_pkey PRIMARY KEY (id);


--
-- Name: auth_group_name_a6ea08ec_like; Type: INDEX; Schema: public; Owner: moon
--

CREATE INDEX auth_group_name_a6ea08ec_like ON public.auth_group USING btree (name varchar_pattern_ops);


--
-- Name: auth_group_permissions_group_id_b120cbf9; Type: INDEX; Schema: public; Owner: moon
--

CREATE INDEX auth_group_permissions_group_id_b120cbf9 ON public.auth_group_permissions USING btree (group_id);


--
-- Name: auth_group_permissions_permission_id_84c5c92e; Type: INDEX; Schema: public; Owner: moon
--

CREATE INDEX auth_group_permissions_permission_id_84c5c92e ON public.auth_group_permissions USING btree (permission_id);


--
-- Name: auth_permission_content_type_id_2f476e4b; Type: INDEX; Schema: public; Owner: moon
--

CREATE INDEX auth_permission_content_type_id_2f476e4b ON public.auth_permission USING btree (content_type_id);


--
-- Name: auth_user_groups_group_id_97559544; Type: INDEX; Schema: public; Owner: moon
--

CREATE INDEX auth_user_groups_group_id_97559544 ON public.auth_user_groups USING btree (group_id);


--
-- Name: auth_user_groups_user_id_6a12ed8b; Type: INDEX; Schema: public; Owner: moon
--

CREATE INDEX auth_user_groups_user_id_6a12ed8b ON public.auth_user_groups USING btree (user_id);


--
-- Name: auth_user_user_permissions_permission_id_1fbb5f2c; Type: INDEX; Schema: public; Owner: moon
--

CREATE INDEX auth_user_user_permissions_permission_id_1fbb5f2c ON public.auth_user_user_permissions USING btree (permission_id);


--
-- Name: auth_user_user_permissions_user_id_a95ead1b; Type: INDEX; Schema: public; Owner: moon
--

CREATE INDEX auth_user_user_permissions_user_id_a95ead1b ON public.auth_user_user_permissions USING btree (user_id);


--
-- Name: auth_user_username_6821ab7c_like; Type: INDEX; Schema: public; Owner: moon
--

CREATE INDEX auth_user_username_6821ab7c_like ON public.auth_user USING btree (username varchar_pattern_ops);


--
-- Name: django_admin_log_content_type_id_c4bce8eb; Type: INDEX; Schema: public; Owner: moon
--

CREATE INDEX django_admin_log_content_type_id_c4bce8eb ON public.django_admin_log USING btree (content_type_id);


--
-- Name: django_admin_log_user_id_c564eba6; Type: INDEX; Schema: public; Owner: moon
--

CREATE INDEX django_admin_log_user_id_c564eba6 ON public.django_admin_log USING btree (user_id);


--
-- Name: django_session_expire_date_a5c62663; Type: INDEX; Schema: public; Owner: moon
--

CREATE INDEX django_session_expire_date_a5c62663 ON public.django_session USING btree (expire_date);


--
-- Name: django_session_session_key_c0390e0f_like; Type: INDEX; Schema: public; Owner: moon
--

CREATE INDEX django_session_session_key_c0390e0f_like ON public.django_session USING btree (session_key varchar_pattern_ops);


--
-- Name: auth_group_permissions auth_group_permissio_permission_id_84c5c92e_fk_auth_perm; Type: FK CONSTRAINT; Schema: public; Owner: moon
--

ALTER TABLE ONLY public.auth_group_permissions
    ADD CONSTRAINT auth_group_permissio_permission_id_84c5c92e_fk_auth_perm FOREIGN KEY (permission_id) REFERENCES public.auth_permission(id) DEFERRABLE INITIALLY DEFERRED;


--
-- Name: auth_group_permissions auth_group_permissions_group_id_b120cbf9_fk_auth_group_id; Type: FK CONSTRAINT; Schema: public; Owner: moon
--

ALTER TABLE ONLY public.auth_group_permissions
    ADD CONSTRAINT auth_group_permissions_group_id_b120cbf9_fk_auth_group_id FOREIGN KEY (group_id) REFERENCES public.auth_group(id) DEFERRABLE INITIALLY DEFERRED;


--
-- Name: auth_permission auth_permission_content_type_id_2f476e4b_fk_django_co; Type: FK CONSTRAINT; Schema: public; Owner: moon
--

ALTER TABLE ONLY public.auth_permission
    ADD CONSTRAINT auth_permission_content_type_id_2f476e4b_fk_django_co FOREIGN KEY (content_type_id) REFERENCES public.django_content_type(id) DEFERRABLE INITIALLY DEFERRED;


--
-- Name: auth_user_groups auth_user_groups_group_id_97559544_fk_auth_group_id; Type: FK CONSTRAINT; Schema: public; Owner: moon
--

ALTER TABLE ONLY public.auth_user_groups
    ADD CONSTRAINT auth_user_groups_group_id_97559544_fk_auth_group_id FOREIGN KEY (group_id) REFERENCES public.auth_group(id) DEFERRABLE INITIALLY DEFERRED;


--
-- Name: auth_user_groups auth_user_groups_user_id_6a12ed8b_fk_auth_user_id; Type: FK CONSTRAINT; Schema: public; Owner: moon
--

ALTER TABLE ONLY public.auth_user_groups
    ADD CONSTRAINT auth_user_groups_user_id_6a12ed8b_fk_auth_user_id FOREIGN KEY (user_id) REFERENCES public.auth_user(id) DEFERRABLE INITIALLY DEFERRED;


--
-- Name: auth_user_user_permissions auth_user_user_permi_permission_id_1fbb5f2c_fk_auth_perm; Type: FK CONSTRAINT; Schema: public; Owner: moon
--

ALTER TABLE ONLY public.auth_user_user_permissions
    ADD CONSTRAINT auth_user_user_permi_permission_id_1fbb5f2c_fk_auth_perm FOREIGN KEY (permission_id) REFERENCES public.auth_permission(id) DEFERRABLE INITIALLY DEFERRED;


--
-- Name: auth_user_user_permissions auth_user_user_permissions_user_id_a95ead1b_fk_auth_user_id; Type: FK CONSTRAINT; Schema: public; Owner: moon
--

ALTER TABLE ONLY public.auth_user_user_permissions
    ADD CONSTRAINT auth_user_user_permissions_user_id_a95ead1b_fk_auth_user_id FOREIGN KEY (user_id) REFERENCES public.auth_user(id) DEFERRABLE INITIALLY DEFERRED;


--
-- Name: django_admin_log django_admin_log_content_type_id_c4bce8eb_fk_django_co; Type: FK CONSTRAINT; Schema: public; Owner: moon
--

ALTER TABLE ONLY public.django_admin_log
    ADD CONSTRAINT django_admin_log_content_type_id_c4bce8eb_fk_django_co FOREIGN KEY (content_type_id) REFERENCES public.django_content_type(id) DEFERRABLE INITIALLY DEFERRED;


--
-- Name: django_admin_log django_admin_log_user_id_c564eba6_fk_auth_user_id; Type: FK CONSTRAINT; Schema: public; Owner: moon
--

ALTER TABLE ONLY public.django_admin_log
    ADD CONSTRAINT django_admin_log_user_id_c564eba6_fk_auth_user_id FOREIGN KEY (user_id) REFERENCES public.auth_user(id) DEFERRABLE INITIALLY DEFERRED;


--
-- PostgreSQL database dump complete
--

